id;name;cpf;telephone;email;created_at;updated_at
46fb489a-6f64-4fbd-8a9f-d3be8b0563e1;Ricardo Pereira Da Silva;12223423434;11998673234;ricardo.ps@gmail.com;2025-10-23 18:50:02.892;2025-10-23 18:50:02.892
3c710672-bc3f-4cef-b270-a28bac45eae1;Ana Carolina Silva;12345678901;11987654321;ana.silva@outlook.com;2025-10-23 16:01:45.534;2025-10-23 16:01:45.534
a5603126-af35-4336-880c-39c347a27b49;Bruno Oliveira Santos;23456789012;11976543210;bruno.santos@gmail.com;2025-10-23 16:01:45.534;2025-10-23 16:01:45.534
edc03daa-e122-44af-8c6f-eb806c453434;Carla Pereira Lima;34567890123;11965432109;carla.lima@hotmail.com;2025-10-23 16:01:45.534;2025-10-23 16:01:45.534
3273e48d-e6f9-41ea-8cab-1ea1d428308f;Daniel Costa Rodrigues;45678901234;11954321098;daniel.rodrigues@yahoo.com;2025-10-23 16:01:45.534;2025-10-23 16:01:45.534
ee98de81-b3d8-4a76-87ba-cccd5072dda3;Eduarda Almeida Souza;56789012345;11943210987;eduarda.souza@proton.me;2025-10-23 16:01:45.534;2025-10-23 16:01:45.534
00180609-4a2c-43a1-af92-4a9527e36e34;Felipe Martins Barbosa;67890123456;11932109876;felipe.barbosa@icloud.com;2025-10-23 16:01:45.534;2025-10-23 16:01:45.534
f5207ece-9ca1-4d37-a9bb-b4ef339394f8;Gabriela Rocha Ferreira;78901234567;11921098765;gabriela.ferreira@live.com;2025-10-23 16:01:45.534;2025-10-23 16:01:45.534
33021b2e-bf56-459d-9cc2-ecfa674e6f8c;Henrique Cardoso Nunes;89012345678;11910987654;henrique.nunes@bol.com.br;2025-10-23 16:01:45.534;2025-10-23 16:01:45.534
038b3713-a0c3-4f15-94e8-23a2018cfb3e;Isabela Dias Castro;90123456789;11909876543;isabela.castro@uol.com.br;2025-10-23 16:01:45.534;2025-10-23 16:01:45.534
7028b12f-bbbc-40ee-8469-1d0e4367f9f8;João Pedro Mendes Gomes;1234567890;11898765432;joao.gomes@terra.com.br;2025-10-23 16:01:45.534;2025-10-23 16:01:45.534
178e9cdc-9798-4672-a736-baeddaad06d2;Larissa Teixeira Pinto;12345678902;11887654321;larissa.pinto@empresa.com;2025-10-23 16:01:45.534;2025-10-23 16:01:45.534
6aebab66-65e2-4670-a53a-acbe35182e24;Marcos Antonio Duarte;23456789013;11876543210;marcos.duarte@faculdade.edu;2025-10-23 16:01:45.534;2025-10-23 16:01:45.534
9535b9d1-0d5b-4880-a18f-b9ada019a9dd;Natália Ribeiro Moreira;34567890124;11865432109;natalia.moreira@consultoria.com;2025-10-23 16:01:45.534;2025-10-23 16:01:45.534
e14adfe0-75a2-4782-b566-7a0f67ab7ed1;Otávio Correia Lopes;45678901235;11854321098;otavio.lopes@tech.com.br;2025-10-23 16:01:45.534;2025-10-23 16:01:45.534
1718cabf-4ded-46aa-8403-c412d28c0cf8;Patrícia Monteiro Neves;56789012346;11843210987;patricia.neves@servicos.org;2025-10-23 16:01:45.534;2025-10-23 16:01:45.534
25672c89-212b-4c1b-b58f-109007e3e05b;Rafael Cunha Batista;67890123457;11832109876;rafael.batista@digital.net;2025-10-23 16:01:45.534;2025-10-23 16:01:45.534
e675bbfa-8c34-436b-b7eb-c69311c224bb;Sofia Martins Costa;78901234568;11821098765;sofia.costa@empresarial.com;2025-10-23 16:01:45.534;2025-10-23 16:01:45.534
bc483dc4-2596-4486-8caf-44287e7b5f71;Thiago Alves Ribeiro;89012345679;11810987654;thiago.ribeiro@startup.io;2025-10-23 16:01:45.534;2025-10-23 16:01:45.534
28ecf9ba-78d2-43c5-8dd0-6deb763049fb;Vanessa Oliveira Campos;90123456780;11798765432;vanessa.campos@creative.com;2025-10-23 16:01:45.534;2025-10-23 16:01:45.534
22d277df-7f4f-49e1-a729-6815d3bf8ea5;William Santos Pereira;1234567891;11787654321;william.pereira@business.com;2025-10-23 16:01:45.534;2025-10-23 16:01:45.534
3e521f4f-94d1-42ea-b762-b5c5fce05a7b;Yasmin Costa Rodrigues;12345678903;11776543210;yasmin.rodrigues@inovacao.com;2025-10-23 16:01:45.534;2025-10-23 16:01:45.534
c9bc19da-7eb9-4460-be6d-35c368b69cb4;Zé Roberto Silva Neto;23456789014;11765432109;ze.neto@empresa.com.br;2025-10-23 16:01:45.534;2025-10-23 16:01:45.534
6dfec08c-fbe3-4745-8571-9c026429ef72;Amanda Ribeiro Teixeira;34567890125;11754321098;amanda.teixeira@grupo.com;2025-10-23 16:01:45.534;2025-10-23 16:01:45.534
d116d9b5-2132-4792-90cb-c76f88cb9c17;Carlos Eduardo Lima;45678901236;11743210987;carlos.lima@corporation.com;2025-10-23 16:01:45.534;2025-10-23 16:01:45.534
22a55e30-9d12-4a4c-ae5e-80c92f7df037;Daniela Santos Almeida;56789012347;11732109876;daniela.almeida@empresax.com;2025-10-23 16:01:45.534;2025-10-23 16:01:45.534
4b104571-27d7-46bd-bbac-2060a0705185;Erick Oliveira Costa;67890123458;11721098765;erick.costa@companhia.net;2025-10-23 16:01:45.534;2025-10-23 16:01:45.534
8d52b70e-d065-4880-afa3-14a91fe05a36;Fernanda Pereira Souza;78901234569;11710987654;fernanda.souza@holding.com;2025-10-23 16:01:45.534;2025-10-23 16:01:45.534
6f89f185-d7ed-4887-8a50-8d9019faa7ad;Gustavo Rodrigues Silva;89012345680;11698765432;gustavo.silva@empresay.com.br;2025-10-23 16:01:45.534;2025-10-23 16:01:45.534
2432d87e-241d-4976-b187-7a8082d37045;Helena Martins Nunes;90123456781;11687654321;helena.nunes@empresaz.com;2025-10-23 16:01:45.534;2025-10-23 16:01:45.534
22fa2f16-3a76-4bd9-848b-a392a9713d46;Igor Costa Barbosa;1234567892;11676543210;igor.barbosa@techsolutions.com;2025-10-23 16:01:45.534;2025-10-23 16:01:45.534
b2fdc905-b755-4646-bcf5-8798a9d1a2d8;Wendel Campos Aquiar;12389778945;11985621245;waguiar@email.com;2025-10-21 21:23:41.564;2025-10-21 21:23:41.564
5ee42b64-f185-484d-bb94-8d5bf6e249e3;João Rua Monteiro;89334420065;11956452315;joao@email.com;2025-10-22 00:41:02.385;2025-10-22 00:41:02.385
5e8899c1-cf4f-48d8-bce8-7f1af50e8915;Ana Beatriz Priolle;12345678901;11987734333;ana.priolle@gmail.com;2025-10-27 17:44:58.779;2025-10-27 17:44:58.779
6634615e-adb2-4f59-b5c0-37833b4fc7a0;Kelly Oliveira Santos;27229033845;11973355656;k.santos@gmail.com;2025-10-27 17:44:58.779;2025-10-27 17:44:58.779
8b3aeecf-37f8-44fb-9616-e6c4d16ec8ca;Carla Fafaela de Lima;22345676590;1196543202;carla.rafa@hotmail.com;2025-10-27 17:44:58.779;2025-10-27 17:44:58.779
273cbb2a-c302-4b00-b021-4f7532ac81db;Diego Almeida Costa;45678901234;11954321098;diego.costa@yahoo.com;2025-10-27 17:44:58.779;2025-10-27 17:44:58.779
b08046c8-1db1-43cb-a7c6-a0521409c05b;Eduarda Pereira Souza;56789012345;11943210987;eduarda.souza@outlook.com;2025-10-27 17:44:58.779;2025-10-27 17:44:58.779
629cc702-97a4-480e-a161-9c3466c2e8e1;Felipe Martins Rocha;67890123456;11932109876;felipe.rocha@gmail.com;2025-10-27 17:44:58.779;2025-10-27 17:44:58.779
453224b8-7ab1-4219-8d88-6c46f1bb6f20;Gabriela Fernandes Alves;78901234567;11921098765;gabriela.alves@hotmail.com;2025-10-27 17:44:58.779;2025-10-27 17:44:58.779
c9fc9887-e8ba-4f4e-b88c-dedc70a0ac73;Henrique Barbosa Gomes;89012345678;11910987654;henrique.gomes@yahoo.com;2025-10-27 17:44:58.779;2025-10-27 17:44:58.779
dfc31cc2-80fe-477d-b88a-eb69f2ed0b16;Isabela Castro Ribeiro;90123456789;11909876543;isabela.ribeiro@outlook.com;2025-10-27 17:44:58.779;2025-10-27 17:44:58.779
25ecda8a-cf71-4507-83d1-8a28925a04f6;João Pedro Nunes Dias;1234567890;11998765432;joao.dias@gmail.com;2025-10-27 17:44:58.779;2025-10-27 17:44:58.779
d5d3b68b-90da-4637-ac05-2542f9d3782d;Larissa Cardoso Monteiro;11223344556;11987654321;larissa.monteiro@hotmail.com;2025-10-27 17:44:58.779;2025-10-27 17:44:58.779
f31d5925-4cb8-47de-b8da-aed9b921ec89;Marcos Vinicius Torres;22334455667;11976543210;marcos.torres@yahoo.com;2025-10-27 17:44:58.779;2025-10-27 17:44:58.779
7b7ce040-eebc-4144-8a69-4d20978366d1;Camila Santos Rocha;33445566778;11988776655;camila.rocha@empresa.com;2025-10-27 18:32:08.248;2025-10-27 18:32:08.248
7dcef934-1e96-4357-aadc-fa4e64301b8b;Rafaela Costa Mendes;44556677889;11977665544;rafaela.mendes@corporation.com;2025-10-27 18:32:08.248;2025-10-27 18:32:08.248
d6f6e1b4-3445-41ec-8b2a-7d587b8ab1f2;Leonardo Silva Oliveira;55667788990;11966554433;leonardo.oliveira@tech.com;2025-10-27 18:32:08.248;2025-10-27 18:32:08.248
c2313034-ee4c-4aa8-ac7f-9df620370cf9;Juliana Pereira Alves;66778899001;11955443322;juliana.alves@services.com;2025-10-27 18:32:08.248;2025-10-27 18:32:08.248
56c27da6-a6cf-4bb9-bb7d-d28024ec5fb0;Mateus Rodrigues Lima;77889900112;11944332211;mateus.lima@business.com;2025-10-27 18:32:08.248;2025-10-27 18:32:08.248
c6292eb9-34e5-4324-9d43-1e98b33085e8;Beatriz Nunes Souza;88990011223;11933221100;beatriz.souza@innovation.com;2025-10-27 18:32:08.248;2025-10-27 18:32:08.248
1c132c4b-37e9-462f-98aa-11084ef8bc04;Vinícius Barbosa Castro;99001122334;11922110099;vinicius.castro@digital.com;2025-10-27 18:32:08.248;2025-10-27 18:32:08.248
9fcb8a00-8dbd-4802-a6aa-c1cc9899efe8;Laura Martins Dias;112233445;11911009988;laura.dias@creative.com;2025-10-27 18:32:08.248;2025-10-27 18:32:08.248
895dd251-205c-48a8-9ab7-f8175fdd96d2;Gustavo Henrique Torres;11223344556;11900998877;gustavo.torres@enterprise.com;2025-10-27 18:32:08.248;2025-10-27 18:32:08.248
16ea1eb2-7eec-4589-add8-d3fd9de90fa1;Isadora Fernandes Monteiro;22334455667;11999887766;isadora.monteiro@group.com;2025-10-27 18:32:08.248;2025-10-27 18:32:08.248
bfcb0476-ca9f-4633-8ee8-de45af5c4a2d;Bruno Costa Santos;33445566789;11988776654;bruno.santos@empresa.com;2025-10-29 23:14:57.896;2025-10-29 23:14:57.896
3d0bc674-7dac-4fd8-98cb-96007380165a;Carolina Oliveira Silva;44556677890;11977665543;carolina.silva@tech.com;2025-10-29 23:14:57.896;2025-10-29 23:14:57.896
94e39889-4f12-4b9f-b64e-fd9b1ba6c03d;Daniel Pereira Almeida;55667788901;11966554432;daniel.almeida@services.com;2025-10-29 23:14:57.896;2025-10-29 23:14:57.896
2a07b1c7-98c4-4bd7-94f9-6a82e4dbb815;Eduarda Rodrigues Costa;66778899012;11955443321;eduarda.costa@business.com;2025-10-29 23:14:57.896;2025-10-29 23:14:57.896
f49ac9ac-4e56-42c7-a75a-6e596e28ebff;Felipe Martins Lima;77889900123;11944332210;felipe.lima@innovation.com;2025-10-29 23:14:57.896;2025-10-29 23:14:57.896
428106ae-599b-4e67-863a-5bc6c93db6fd;Gabriela Souza Rocha;88990011234;11933221109;gabriela.rocha@digital.com;2025-10-29 23:14:57.896;2025-10-29 23:14:57.896
7a1f4755-759e-49c8-9cf4-b20ec3b80414;Henrique Barbosa Nunes;99001122345;11922110098;henrique.nunes@creative.com;2025-10-29 23:14:57.896;2025-10-29 23:14:57.896
944734b0-43a6-4284-b852-a890a915b0c7;Isabela Castro Dias;112233456;11911009987;isabela.dias@enterprise.com;2025-10-29 23:14:57.896;2025-10-29 23:14:57.896
717cf63f-050f-470f-8694-00468a76dbd3;João Pedro Torres Monteiro;11223344567;11900998876;joao.monteiro@group.com;2025-10-29 23:14:57.896;2025-10-29 23:14:57.896
9ded8404-aaf1-44e8-ba82-cf01de07dde3;Larissa Fernandes Ribeiro;22334455678;11999887765;larissa.ribeiro@corporation.com;2025-10-29 23:14:57.896;2025-10-29 23:14:57.896
1b73618d-b2d8-4c03-a1af-7c2aa030e3cf;Marcos Vinicius Gomes Pinto;33445566789;11988776654;marcos.pinto@company.com;2025-10-29 23:14:57.896;2025-10-29 23:14:57.896
e94aabdd-f343-43a2-91a5-c1dedac9584b;Natália Alves Mendes;44556677890;11977665543;natalia.mendes@organization.com;2025-10-29 23:14:57.896;2025-10-29 23:14:57.896
a1b2c3d4-e5f6-7890-abcd-ef1234567890;Pedro Henrique Almeida;12345678911;11912345678;pedro.almeida@email.com;2025-10-23 16:01:45.534;2025-10-23 16:01:45.534
b2c3d4e5-f6g7-8901-bcde-f23456789012;Mariana Costa Santos;23456789022;11923456789;mariana.santos@email.com;2025-10-23 16:01:45.534;2025-10-23 16:01:45.534
c3d4e5f6-g7h8-9012-cdef-345678901234;Rafael Silva Oliveira;34567890133;11934567890;rafael.oliveira@email.com;2025-10-23 16:01:45.534;2025-10-23 16:01:45.534
d4e5f6g7-h8i9-0123-defg-456789012345;Amanda Pereira Lima;45678901244;11945678901;amanda.lima@email.com;2025-10-23 16:01:45.534;2025-10-23 16:01:45.534
e5f6g7h8-i9j0-1234-efgh-567890123456;Lucas Rodrigues Souza;56789012355;11956789012;lucas.souza@email.com;2025-10-23 16:01:45.534;2025-10-23 16:01:45.534
f6g7h8i9-j0k1-2345-fghi-678901234567;Juliana Alves Costa;67890123466;11967890123;juliana.costa@email.com;2025-10-23 16:01:45.534;2025-10-23 16:01:45.534
g7h8i9j0-k1l2-3456-ghij-789012345678;Bruno Martins Pereira;78901234577;11978901234;bruno.pereira@email.com;2025-10-23 16:01:45.534;2025-10-23 16:01:45.534
h8i9j0k1-l2m3-4567-hijk-890123456789;Camila Ribeiro Silva;89012345688;11989012345;camila.silva@email.com;2025-10-23 16:01:45.534;2025-10-23 16:01:45.534
i9j0k1l2-m3n4-5678-ijkl-901234567890;Diego Oliveira Santos;90123456799;11990123456;diego.santos@email.com;2025-10-23 16:01:45.534;2025-10-23 16:01:45.534
j0k1l2m3-n4o5-6789-jklm-012345678901;Fernanda Souza Almeida;1234567800;11901234567;fernanda.almeida@email.com;2025-10-23 16:01:45.534;2025-10-23 16:01:45.534
k1l2m3n4-o5p6-7890-klmn-123456789012;Rodrigo Costa Lima;12345678912;11912345679;rodrigo.lima@email.com;2025-10-23 16:01:45.534;2025-10-23 16:01:45.534
l2m3n4o5-p6q7-8901-lmno-234567890123;Patricia Santos Oliveira;23456789023;11923456780;patricia.oliveira@email.com;2025-10-23 16:01:45.534;2025-10-23 16:01:45.534
m3n4o5p6-q7r8-9012-mnop-345678901234;Thiago Pereira Souza;34567890134;11934567891;thiago.souza@email.com;2025-10-23 16:01:45.534;2025-10-23 16:01:45.534
n4o5p6q7-r8s9-0123-nopq-456789012345;Vanessa Lima Costa;45678901245;11945678902;vanessa.costa@email.com;2025-10-23 16:01:45.534;2025-10-23 16:01:45.534
o5p6q7r8-s9t0-1234-opqr-567890123456;Marcos Almeida Santos;56789012356;11956789013;marcos.santos@email.com;2025-10-23 16:01:45.534;2025-10-23 16:01:45.534
p6q7r8s9-t0u1-2345-pqrs-678901234567;Cristina Oliveira Pereira;67890123467;11967890124;cristina.pereira@email.com;2025-10-23 16:01:45.534;2025-10-23 16:01:45.534
q7r8s9t0-u1v2-3456-qrst-789012345678;André Souza Rodrigues;78901234578;11978901235;andre.rodrigues@email.com;2025-10-23 16:01:45.534;2025-10-23 16:01:45.534
r8s9t0u1-v2w3-4567-rstu-890123456789;Simone Costa Alves;89012345689;11989012346;simone.alves@email.com;2025-10-23 16:01:45.534;2025-10-23 16:01:45.534
s9t0u1v2-w3x4-5678-stuv-901234567890;Roberto Silva Lima;90123456790;11990123457;roberto.lima@email.com;2025-10-23 16:01:45.534;2025-10-23 16:01:45.534
t0u1v2w3-x4y5-6789-tuvw-012345678901;Tatiane Santos Souza;1234567801;11901234568;tatiane.souza@email.com;2025-10-23 16:01:45.534;2025-10-23 16:01:45.534
u1v2w3x4-y5z6-7890-uvwx-123456789012;Fábio Oliveira Costa;12345678913;11912345680;fabio.costa@email.com;2025-10-23 16:01:45.534;2025-10-23 16:01:45.534
v2w3x4y5-z6a7-8901-vwxy-234567890123;Priscila Pereira Almeida;23456789024;11923456781;priscila.almeida@email.com;2025-10-23 16:01:45.534;2025-10-23 16:01:45.534
w3x4y5z6-a7b8-9012-wxyz-345678901234;Ricardo Lima Santos;34567890135;11934567892;ricardo.santos@email.com;2025-10-23 16:01:45.534;2025-10-23 16:01:45.534
x4y5z6a7-b8c9-0123-xyza-456789012345;Daniela Costa Oliveira;45678901246;11945678903;daniela.oliveira@email.com;2025-10-23 16:01:45.534;2025-10-23 16:01:45.534
