"id","quantity","order_id","product_id","created_at","updated_at"
a1b2c3d4-e5f6-7890-abcd-ef1234567890,2,"1d057404-ca9b-48a4-bb94-97890e1f504b","81a01734-8575-4df7-9cfa-4c98a0f81be1",2025-10-20 08:00:15.123,2025-10-20 08:00:15.123
b2c3d4e5-f6g7-8901-bcde-f23456789012,1,"1d057404-ca9b-48a4-bb94-97890e1f504b","6d8aa000-804d-472b-b867-3071f22b7364",2025-10-20 08:00:15.123,2025-10-20 08:00:15.123
c3d4e5f6-g7h8-9012-cdef-345678901234,1,"7007534d-d82d-4cbc-b76a-387134ad8e8b","364b658c-800f-444f-abc9-e3f60b4115a0",2025-10-20 08:05:22.456,2025-10-20 08:05:22.456
d4e5f6g7-h8i9-0123-defg-456789012345,1,"7007534d-d82d-4cbc-b76a-387134ad8e8b","9db51f4f-d60e-49fb-8421-5c98eb054b39",2025-10-20 08:05:22.456,2025-10-20 08:05:22.456
e5f6g7h8-i9j0-1234-efgh-567890123456,1,"158d394a-7e13-41f3-84ac-7c4fb9da9a13","74353e9b-99fc-44bc-80cf-24b2b88bc68e",2025-10-20 08:10:30.789,2025-10-20 08:10:30.789
f6g7h8i9-j0k1-2345-fghi-678901234567,1,"158d394a-7e13-41f3-84ac-7c4fb9da9a13",b1619291-9f3b-461a-8d20-c964e58d3ee2,2025-10-20 08:10:30.789,2025-10-20 08:10:30.789
g7h8i9j0-k1l2-3456-ghij-789012345678,1,"2cffa0b8-ca2c-471b-9753-60a436f75de8",ed41ec9e-df07-4237-9193-d78d5f2845a1,2025-10-20 08:20:45.012,2025-10-20 08:20:45.012
h8i9j0k1-l2m3-4567-hijk-890123456789,1,"2cffa0b8-ca2c-471b-9753-60a436f75de8",e488134d-a9b7-40ea-ac7a-0b8e26226fb8,2025-10-20 08:20:45.012,2025-10-20 08:20:45.012
i9j0k1l2-m3n4-5678-ijkl-901234567890,1,eb6cf66f-c7a4-466d-96fa-35481524c38a,"6bb88569-dd14-41e5-b3c9-9322e9125446",2025-10-20 08:30:55.345,2025-10-20 08:30:55.345
j0k1l2m3-n4o5-6789-jklm-012345678901,1,eb6cf66f-c7a4-466d-96fa-35481524c38a,"214a0fa7-0a91-4eb6-bcf9-101e1183f1ef",2025-10-20 08:30:55.345,2025-10-20 08:30:55.345
k1l2m3n4-o5p6-7890-klmn-123456789012,1,"6ac0bf0b-f272-4f3b-933b-d18f789de042","7f4e3124-fb0b-490c-ac7d-370088de65bb",2025-10-20 08:33:10.678,2025-10-20 08:33:10.678
l2m3n4o5-p6q7-8901-lmno-234567890123,1,"6ac0bf0b-f272-4f3b-933b-d18f789de042","8aeb5b66-9740-441f-8e42-740ecd922995",2025-10-20 08:33:10.678,2025-10-20 08:33:10.678
m3n4o5p6-q7r8-9012-mnop-345678901234,2,"5ef796d1-de4a-4c01-be23-ef350ba28058",b83c4569-2d66-4a75-b567-d56157d20143,2025-10-20 08:37:25.901,2025-10-20 08:37:25.901
n4o5p6q7-r8s9-0123-nopq-456789012345,1,"5ef796d1-de4a-4c01-be23-ef350ba28058",eb71e20c-66f1-4dab-9285-567fcec43a9c,2025-10-20 08:37:25.901,2025-10-20 08:37:25.901
o5p6q7r8-s9t0-1234-opqr-567890123456,1,"5cbe4a2e-8138-49a6-bba0-2062eb0d3b5c","56222784-51e6-4219-8c45-c55abcdd65f4",2025-10-20 08:49:40.234,2025-10-20 08:49:40.234
p6q7r8s9-t0u1-2345-pqrs-678901234567,1,"5cbe4a2e-8138-49a6-bba0-2062eb0d3b5c","9db51f4f-d60e-49fb-8421-5c98eb054b39",2025-10-20 08:49:40.234,2025-10-20 08:49:40.234
q7r8s9t0-u1v2-3456-qrst-789012345678,1,"52ef88f3-235e-4570-a195-f9d18b4bbf54",a79e449b-52b6-4024-9032-cb9d76cc9666,2025-10-20 08:52:55.567,2025-10-20 08:52:55.567
r8s9t0u1-v2w3-4567-rstu-890123456789,1,"52ef88f3-235e-4570-a195-f9d18b4bbf54","3ec2c669-e792-4476-ab56-c60579bcac64",2025-10-20 08:52:55.567,2025-10-20 08:52:55.567
s9t0u1v2-w3x4-5678-stuv-901234567890,1,"23a06d9e-8b3f-44d0-a194-6e4e4de4f1c2","0ae4d490-74d5-45c2-9667-097c4a777fdd",2025-10-20 08:57:05.890,2025-10-20 08:57:05.890
t0u1v2w3-x4y5-6789-tuvw-012345678901,1,"23a06d9e-8b3f-44d0-a194-6e4e4de4f1c2","785381ad-c383-4f9b-9ff1-d62e471a6b0f",2025-10-20 08:57:05.890,2025-10-20 08:57:05.890
u1v2w3x4-y5z6-7890-uvwx-123456789012,1,b2dad1da-d0eb-4f2a-b479-bc9ca0cce425,"74353e9b-99fc-44bc-80cf-24b2b88bc68e",2025-10-20 08:59:20.123,2025-10-20 08:59:20.123
v2w3x4y5-z6a7-8901-vwxy-234567890123,1,b2dad1da-d0eb-4f2a-b479-bc9ca0cce425,"81a54ba6-0a81-403b-bde7-21f444d3593b",2025-10-20 08:59:20.123,2025-10-20 08:59:20.123
w3x4y5z6-a7b8-9012-wxyz-345678901234,1,"1b8156e6-69b9-4c57-afe3-51c732eb35c2","364b658c-800f-444f-abc9-e3f60b4115a0",2025-10-20 09:00:35.456,2025-10-20 09:00:35.456
x4y5z6a7-b8c9-0123-xyza-456789012345,1,"1b8156e6-69b9-4c57-afe3-51c732eb35c2","0587a6a6-bcf1-441e-b359-a5b0e8abebbe",2025-10-20 09:00:35.456,2025-10-20 09:00:35.456
f1f9b14a-2422-4014-8ab5-b7210914964f,1,ce85ca53-b8a5-49d1-a0ff-d6b1d398edfc,"81a01734-8575-4df7-9cfa-4c98a0f81be1",2025-10-20 10:02:15.123,2025-10-20 10:02:15.123
"6ac32fd6-8110-4733-86fd-eb02f6c199da",1,ce85ca53-b8a5-49d1-a0ff-d6b1d398edfc,"6d8aa000-804d-472b-b867-3071f22b7364",2025-10-20 10:02:15.123,2025-10-20 10:02:15.123
e7a11984-8036-4035-b944-29183461cb26,1,"8dad126c-ed64-4bc1-a1d1-56e8acf9368b","364b658c-800f-444f-abc9-e3f60b4115a0",2025-10-20 10:08:45.456,2025-10-20 10:08:45.456
"5d4a9bb3-323d-4928-942c-949047b18421",1,"8dad126c-ed64-4bc1-a1d1-56e8acf9368b","9db51f4f-d60e-49fb-8421-5c98eb054b39",2025-10-20 10:08:45.456,2025-10-20 10:08:45.456
"6d01a98c-5fea-418e-a54c-2eb0ad18fc6d",1,"70dee084-26a6-4c93-b779-f2e889714c78","74353e9b-99fc-44bc-80cf-24b2b88bc68e",2025-10-20 10:15:22.789,2025-10-20 10:15:22.789
"0f231f3c-ef13-4c42-a123-dd844cc0fc4e",1,"70dee084-26a6-4c93-b779-f2e889714c78",b1619291-9f3b-461a-8d20-c964e58d3ee2,2025-10-20 10:15:22.789,2025-10-20 10:15:22.789
a0fb0aba-279c-4c63-8b88-21dc1af01ba9,1,"104d8b4f-7460-4739-972c-236bf4baee37",ed41ec9e-df07-4237-9193-d78d5f2845a1,2025-10-20 10:23:10.012,2025-10-20 10:23:10.012
e16e9c0a-9903-48e4-b3ce-0af5923d4480,1,"104d8b4f-7460-4739-972c-236bf4baee37",e488134d-a9b7-40ea-ac7a-0b8e26226fb8,2025-10-20 10:23:10.012,2025-10-20 10:23:10.012
"10961e0d-df58-4116-ae5d-8a16d0010287",1,"1c9c9292-3baa-43f0-bc8f-305bc81c48a3","6bb88569-dd14-41e5-b3c9-9322e9125446",2025-10-20 10:31:55.345,2025-10-20 10:31:55.345
"2800fd52-870e-4cc2-90d4-183181ee2734",1,"1c9c9292-3baa-43f0-bc8f-305bc81c48a3","214a0fa7-0a91-4eb6-bcf9-101e1183f1ef",2025-10-20 10:31:55.345,2025-10-20 10:31:55.345
"8f7136f6-716a-4f50-b0e5-a5075d7a9129",1,e8f1b187-3ff7-4b30-8b47-3d161a8cf1d4,"7f4e3124-fb0b-490c-ac7d-370088de65bb",2025-10-20 10:42:30.678,2025-10-20 10:42:30.678
"833da1e6-b3b1-4c51-824d-f25c2d01e7c0",1,e8f1b187-3ff7-4b30-8b47-3d161a8cf1d4,"8aeb5b66-9740-441f-8e42-740ecd922995",2025-10-20 10:42:30.678,2025-10-20 10:42:30.678
"884f6472-0a44-4571-b111-bbf858652959",2,"7d2c17cc-44aa-4569-80cf-ac8624c551ce",b83c4569-2d66-4a75-b567-d56157d20143,2025-10-20 10:48:17.901,2025-10-20 10:48:17.901
"05bc3315-868a-4098-bbbf-fee700604956",1,"7d2c17cc-44aa-4569-80cf-ac8624c551ce",eb71e20c-66f1-4dab-9285-567fcec43a9c,2025-10-20 10:48:17.901,2025-10-20 10:48:17.901
"35ac19da-bcf1-482b-bc34-836ebbf2c80f",1,"55eef92d-4965-4a7f-86c3-d7ed7d6f182f","56222784-51e6-4219-8c45-c55abcdd65f4",2025-10-20 10:55:05.234,2025-10-20 10:55:05.234
f7f23b47-d141-45e5-9ab7-aacdd133890a,1,"55eef92d-4965-4a7f-86c3-d7ed7d6f182f","9db51f4f-d60e-49fb-8421-5c98eb054b39",2025-10-20 10:55:05.234,2025-10-20 10:55:05.234
"1764d159-2441-4834-bf38-5e7d111b965c",1,"283bfc31-fc96-4ca5-b31a-9ce560559bb5",a79e449b-52b6-4024-9032-cb9d76cc9666,2025-10-20 11:03:40.567,2025-10-20 11:03:40.567
"62391c91-b3bc-40df-a00c-6061abeb88ce",1,"283bfc31-fc96-4ca5-b31a-9ce560559bb5","3ec2c669-e792-4476-ab56-c60579bcac64",2025-10-20 11:03:40.567,2025-10-20 11:03:40.567
"32323433-b368-42a5-92db-b3af77aab46b",1,"099fc48f-8eac-4cf7-b4ab-95ee7cce9cc8","0ae4d490-74d5-45c2-9667-097c4a777fdd",2025-10-20 11:12:25.890,2025-10-20 11:12:25.890
ff0ffb63-35f5-4f6f-a065-e9cca912ae2c,1,"099fc48f-8eac-4cf7-b4ab-95ee7cce9cc8","785381ad-c383-4f9b-9ff1-d62e471a6b0f",2025-10-20 11:12:25.890,2025-10-20 11:12:25.890
df3550f1-b9f1-4e92-b2e8-a0bd2209ad03,1,"0cd78a7a-83d6-498d-ad65-21312321a630","74353e9b-99fc-44bc-80cf-24b2b88bc68e",2025-10-20 11:20:15.123,2025-10-20 11:20:15.123
a6bdd578-f21a-4cd8-8d84-d42afd1154f6,1,"0cd78a7a-83d6-498d-ad65-21312321a630","81a54ba6-0a81-403b-bde7-21f444d3593b",2025-10-20 11:20:15.123,2025-10-20 11:20:15.123
f779559c-b449-4183-9550-54fa7494933e,1,"2fc8dd5b-96b4-4e41-8a4d-b9c18d62ec02","364b658c-800f-444f-abc9-e3f60b4115a0",2025-10-20 11:28:50.456,2025-10-20 11:28:50.456
"25a4ec02-3cb5-4a3a-ba5a-b48bbb5fc43f",1,"2fc8dd5b-96b4-4e41-8a4d-b9c18d62ec02","0587a6a6-bcf1-441e-b359-a5b0e8abebbe",2025-10-20 11:28:50.456,2025-10-20 11:28:50.456
"8b702b02-d153-4ab1-b634-8782e46a6d67",1,aa754ece-2814-4dcb-85c4-fbf80753b8e3,"355d2ad5-0846-4ec3-ab59-ecf09e0ab6fb",2025-10-20 11:35:15.123,2025-10-20 11:35:15.123
c771b34f-a3ab-4cb9-854a-20d511517083,1,aa754ece-2814-4dcb-85c4-fbf80753b8e3,"9db51f4f-d60e-49fb-8421-5c98eb054b39",2025-10-20 11:35:15.123,2025-10-20 11:35:15.123
"2592e3f7-2513-4855-a6b0-18106e4abc10",1,b6818216-9b70-4cdf-bba9-46c7bfec55d8,e3f616e6-0445-4f3a-b18a-e96f9a54dd9a,2025-10-20 11:42:22.456,2025-10-20 11:42:22.456
"75c28765-722d-4340-8176-887e5fd010cb",1,b6818216-9b70-4cdf-bba9-46c7bfec55d8,"6d8aa000-804d-472b-b867-3071f22b7364",2025-10-20 11:42:22.456,2025-10-20 11:42:22.456
"1ff05615-6026-4c88-a873-8e7e286762f8",1,e323485d-cc9e-4bd7-9fbc-1b36e28fb552,"91f1e336-bbfa-44f1-a0b1-fe45f8a0c64f",2025-10-20 11:48:30.789,2025-10-20 11:48:30.789
"950ba05b-13b4-41d0-a1d2-d46b025eaa55",1,e323485d-cc9e-4bd7-9fbc-1b36e28fb552,e488134d-a9b7-40ea-ac7a-0b8e26226fb8,2025-10-20 11:48:30.789,2025-10-20 11:48:30.789
"78205a29-97f7-4262-b7b7-940fefa556a6",1,"44f99afc-2f6c-491f-8944-6187bff0cd25",a736ac7d-3c3f-4365-bc10-920afc3266f4,2025-10-20 11:55:45.012,2025-10-20 11:55:45.012
cbb5f8c6-3c20-4bd1-92c9-3cbb13f84e8b,1,"44f99afc-2f6c-491f-8944-6187bff0cd25",b1619291-9f3b-461a-8d20-c964e58d3ee2,2025-10-20 11:55:45.012,2025-10-20 11:55:45.012
f2cc6653-de21-4984-81e4-04a72c7e9961,1,"4b96a283-b921-4b5e-8f79-0eee7cc144c0","482c7b3e-1a5f-4d8a-bf32-8c9e1d4a7b2c",2025-10-20 12:02:10.345,2025-10-20 12:02:10.345
"29c63b33-84bf-4e88-90fd-e2c0de7d98ae",1,"4b96a283-b921-4b5e-8f79-0eee7cc144c0","214a0fa7-0a91-4eb6-bcf9-101e1183f1ef",2025-10-20 12:02:10.345,2025-10-20 12:02:10.345
"70df80a3-c577-427d-aa6c-b098899180a7",1,"37e3c96c-96f2-4c0a-965e-e822ed4606b6","17f31273-e091-491d-ae2f-ea9324d15d62",2025-10-20 12:08:25.678,2025-10-20 12:08:25.678
"970692b2-b3a7-4d68-acfa-a8bca43fdcf9",1,"37e3c96c-96f2-4c0a-965e-e822ed4606b6","3ec2c669-e792-4476-ab56-c60579bcac64",2025-10-20 12:08:25.678,2025-10-20 12:08:25.678
b697d667-29aa-4d32-a267-a5a8527bccc9,1,"60974322-2359-4779-9414-8fdbd75396fa","7a4e9b5g-3c7h-6f0c-dh54-0e1g3f6c9d4e",2025-10-20 12:15:40.901,2025-10-20 12:15:40.901
"3c51bc03-ad72-4f2d-b274-0b1ccff201e3",1,"60974322-2359-4779-9414-8fdbd75396fa","8aeb5b66-9740-441f-8e42-740ecd922995",2025-10-20 12:15:40.901,2025-10-20 12:15:40.901
"82e3be9d-9f7b-48db-b188-aac0f2e62811",1,"31152fee-8115-4c4c-9fa2-7acb93dcbe98","30731ea5-8673-4aa3-ace1-3d6f7927896c",2025-10-20 12:20:55.234,2025-10-20 12:20:55.234
eb14be4d-d93c-4588-89ab-4f409cff0d8f,1,"31152fee-8115-4c4c-9fa2-7acb93dcbe98",eb71e20c-66f1-4dab-9285-567fcec43a9c,2025-10-20 12:20:55.234,2025-10-20 12:20:55.234
"860cb659-6e8c-4d1b-ac12-2035d56af652",1,"83f330dc-3dec-4293-ac25-2f9a1fb55aac",daf29ce4-ade8-424d-998d-5850ec136c21,2025-10-20 12:25:15.567,2025-10-20 12:25:15.567
c1dd573f-79b7-4ba5-bb76-2c55b5bdf7c6,1,"83f330dc-3dec-4293-ac25-2f9a1fb55aac","785381ad-c383-4f9b-9ff1-d62e471a6b0f",2025-10-20 12:25:15.567,2025-10-20 12:25:15.567
"4c279138-f3a8-43b9-88fc-db8f9bbae3d0",1,"1c672639-702f-4aaf-a7dc-f33c5e4598d0","0a96121e-e5a1-4f2c-87b6-ad270e66cf8a",2025-10-20 12:28:30.890,2025-10-20 12:28:30.890
"01f1876a-e0cf-4480-92d1-b47a1f7d28c8",1,"1c672639-702f-4aaf-a7dc-f33c5e4598d0","8dd4f72d-1ac8-423b-8228-d1bc812c5ce4",2025-10-20 12:28:30.890,2025-10-20 12:28:30.890
eee42441-05f8-4a1e-a08b-1ab9a394f84d,1,cdbcc58a-3407-49b6-af57-0de805f49e5a,fae558c2-129d-40b2-a104-5f6db5df912c,2025-10-20 12:32:45.123,2025-10-20 12:32:45.123
"64c6d9be-5ca9-4498-accd-1ef1c691c673",1,cdbcc58a-3407-49b6-af57-0de805f49e5a,"81a54ba6-0a81-403b-bde7-21f444d3593b",2025-10-20 12:32:45.123,2025-10-20 12:32:45.123
"9bbcb78e-d91f-449a-9398-194cc608e533",1,"082c6814-4851-4b6d-a0f2-9a595b9bdb69",e70064a8-9be6-441a-89e4-4b41536c37fe,2025-10-20 12:38:20.456,2025-10-20 12:38:20.456
e97bbb6b-1b87-4d7b-81ae-085f4a3c02d4,1,"082c6814-4851-4b6d-a0f2-9a595b9bdb69","0587a6a6-bcf1-441e-b359-a5b0e8abebbe",2025-10-20 12:38:20.456,2025-10-20 12:38:20.456
ff7ecf0e-2883-4919-bcd6-922126b59e0c,1,a1b2c3d4-e5f6-7890-abcd-ef1234567891,"355d2ad5-0846-4ec3-ab59-ecf09e0ab6fb",2025-10-22 08:00:00.000,2025-10-22 08:00:00.000
"31399ab4-e9f7-49c9-85cb-928475889800",1,a1b2c3d4-e5f6-7890-abcd-ef1234567891,"9db51f4f-d60e-49fb-8421-5c98eb054b39",2025-10-22 08:00:00.000,2025-10-22 08:00:00.000
b7b87a90-44da-4e53-8b36-3198a31a7b67,1,a1b2c3d4-e5f6-7890-abcd-ef1234567892,"482c7b3e-1a5f-4d8a-bf32-8c9e1d4a7b2c",2025-10-22 08:30:00.000,2025-10-22 08:30:00.000
"389bec84-0621-408c-ae99-703086a8af80",1,a1b2c3d4-e5f6-7890-abcd-ef1234567892,"6d8aa000-804d-472b-b867-3071f22b7364",2025-10-22 08:30:00.000,2025-10-22 08:30:00.000
"065c5af7-c3fc-4578-997a-6c207b442dfd",1,a1b2c3d4-e5f6-7890-abcd-ef1234567893,"693d8a4f-2b6g-5e9b-cg43-9d0f2e5b8c3d",2025-10-22 09:00:00.000,2025-10-22 09:00:00.000
"4416317f-29d3-4da6-86b5-33d361241422",1,a1b2c3d4-e5f6-7890-abcd-ef1234567893,"214a0fa7-0a91-4eb6-bcf9-101e1183f1ef",2025-10-22 09:00:00.000,2025-10-22 09:00:00.000
"836e198b-4d5a-4501-9c1d-b5910c4aaad5",1,a1b2c3d4-e5f6-7890-abcd-ef1234567894,"7a4e9b5g-3c7h-6f0c-dh54-0e1g3f6c9d4e",2025-10-22 09:30:00.000,2025-10-22 09:30:00.000
"7f46bdc9-011c-4d99-823b-e508f04a9421",1,a1b2c3d4-e5f6-7890-abcd-ef1234567894,b1619291-9f3b-461a-8d20-c964e58d3ee2,2025-10-22 09:30:00.000,2025-10-22 09:30:00.000
"8d93ea86-a42c-44b1-8a7d-32a4b57b195b",1,a1b2c3d4-e5f6-7890-abcd-ef1234567895,"8b5f0c6h-4d8i-7g1d-ei65-1f2h4g7d0e5f",2025-10-22 10:15:00.000,2025-10-22 10:15:00.000
"902cd5ef-1b0d-430b-8026-8432f22e2119",1,a1b2c3d4-e5f6-7890-abcd-ef1234567895,"8aeb5b66-9740-441f-8e42-740ecd922995",2025-10-22 10:15:00.000,2025-10-22 10:15:00.000
b0cba9ec-5593-476d-94e3-7050711669e5,1,a1b2c3d4-e5f6-7890-abcd-ef1234567896,"9c6g1d7i-5e9j-8h2e-fj76-2g3i5h8e1f6g",2025-10-22 10:50:00.000,2025-10-22 10:50:00.000
fbca263e-f331-4768-85b3-9c9b24fcb8af,1,a1b2c3d4-e5f6-7890-abcd-ef1234567896,"785381ad-c383-4f9b-9ff1-d62e471a6b0f",2025-10-22 10:50:00.000,2025-10-22 10:50:00.000
"4e1e683a-0c38-4f7a-ba2c-a6a637cd55c6",1,a1b2c3d4-e5f6-7890-abcd-ef1234567897,"0d7h2e8j-6f0k-9i3f-gk87-3h4j6i9f2g7h",2025-10-22 11:45:00.000,2025-10-22 11:45:00.000
fce5cf0a-4dd5-4f9f-8384-a30500d81624,1,a1b2c3d4-e5f6-7890-abcd-ef1234567897,"7fdc228d-9040-4431-9e1b-c35b0eb68367",2025-10-22 11:45:00.000,2025-10-22 11:45:00.000
"0e792e16-efd8-4c81-98d6-0c8e19997304",1,a1b2c3d4-e5f6-7890-abcd-ef1234567898,"1e8i3f9k-7g1l-0j4g-hl98-4i5k7j0g3h8i",2025-10-22 12:20:00.000,2025-10-22 12:20:00.000
"5152d1bc-514b-435d-991a-682774794ddc",1,a1b2c3d4-e5f6-7890-abcd-ef1234567898,"81a54ba6-0a81-403b-bde7-21f444d3593b",2025-10-22 12:20:00.000,2025-10-22 12:20:00.000
"85c7088e-c386-4394-9793-7cd13d8177b6",1,a1b2c3d4-e5f6-7890-abcd-ef1234567899,"2f9j4g0l-8h2m-1k5h-im09-5j6l8k1h4i9j",2025-10-22 12:50:00.000,2025-10-22 12:50:00.000
cb942b25-9277-4044-b5b8-330ce3b04529,1,a1b2c3d4-e5f6-7890-abcd-ef1234567899,"0587a6a6-bcf1-441e-b359-a5b0e8abebbe",2025-10-22 12:50:00.000,2025-10-22 12:50:00.000
"7771f105-0afc-411e-acc6-9dd31e38cf94",1,"202ebe56-b9f9-419c-a78a-243f8e225e60","355d2ad5-0846-4ec3-ab59-ecf09e0ab6fb",2025-10-20 12:48:18.234,2025-10-20 12:48:18.234
c34939f3-831a-4536-8c3a-e5b69d40c56a,1,"202ebe56-b9f9-419c-a78a-243f8e225e60","9db51f4f-d60e-49fb-8421-5c98eb054b39",2025-10-20 12:48:18.234,2025-10-20 12:48:18.234
d5fc77a9-bca5-47ad-9c65-adc878147e36,1,"1d667dd0-c87b-4a51-b4cd-48dae1cdae97",dbf40098-59e9-4338-81cd-72a23fdf1ebd,2025-10-20 12:52:27.567,2025-10-20 12:52:27.567
"1d84358e-3248-48b1-a347-d6251263906c",1,"1d667dd0-c87b-4a51-b4cd-48dae1cdae97","6d8aa000-804d-472b-b867-3071f22b7364",2025-10-20 12:52:27.567,2025-10-20 12:52:27.567
"6f35c59c-e794-42e4-87a9-f33ffa709bf3",1,"2abe1516-49f0-4104-a139-fa4e07f678d4","693d8a4f-2b6g-5e9b-cg43-9d0f2e5b8c3d",2025-10-20 12:57:35.890,2025-10-20 12:57:35.890
a6627c6d-ed63-42af-9ceb-69f0d9e4276b,1,"2abe1516-49f0-4104-a139-fa4e07f678d4",e488134d-a9b7-40ea-ac7a-0b8e26226fb8,2025-10-20 12:57:35.890,2025-10-20 12:57:35.890
b843d4c2-59a9-47c7-825a-49cbdf13d2f3,1,"80a60362-5f9f-426f-8b10-768e79d8d5b7","1e8i3f9k-7g1l-0j4g-hl98-4i5k7j0g3h8i",2025-10-20 13:03:42.123,2025-10-20 13:03:42.123
"44b0defc-a2de-4147-8616-36776a8e952e",1,"80a60362-5f9f-426f-8b10-768e79d8d5b7",b1619291-9f3b-461a-8d20-c964e58d3ee2,2025-10-20 13:03:42.123,2025-10-20 13:03:42.123
"1ddff92c-c4a3-483e-a7b7-252cb94b6702",1,"3d785e5c-4bb4-4b3f-a942-4d139c33d03e","8b5f0c6h-4d8i-7g1d-ei65-1f2h4g7d0e5f",2025-10-20 13:08:55.456,2025-10-20 13:08:55.456
"62dd2647-083d-4e25-a02e-a406fa178ef0",1,"3d785e5c-4bb4-4b3f-a942-4d139c33d03e","214a0fa7-0a91-4eb6-bcf9-101e1183f1ef",2025-10-20 13:08:55.456,2025-10-20 13:08:55.456
"54a36fa1-5aaf-4bef-af48-168147e37c59",1,"067e56dc-8084-4145-acfe-93b247865247","9c6g1d7i-5e9j-8h2e-fj76-2g3i5h8e1f6g",2025-10-20 13:15:10.789,2025-10-20 13:15:10.789
"3be57bac-4f81-40ca-ae3a-165685a5e398",1,"067e56dc-8084-4145-acfe-93b247865247","3ec2c669-e792-4476-ab56-c60579bcac64",2025-10-20 13:15:10.789,2025-10-20 13:15:10.789
e8fd52b5-c472-4576-bb07-6532183588be,1,"18fb5f8d-0338-4087-8860-d8ee712b5d48","760d0eab-82c4-4656-8da4-72f64b2552d3",2025-10-20 13:22:25.012,2025-10-20 13:22:25.012
"947b1320-ce9d-4557-b117-3aa544e916d6",1,"18fb5f8d-0338-4087-8860-d8ee712b5d48","8aeb5b66-9740-441f-8e42-740ecd922995",2025-10-20 13:22:25.012,2025-10-20 13:22:25.012
a30ba015-757c-4640-9f58-d39f72b2837f,1,"89931a84-6803-49d8-9aec-e90f6aee0d36","4h1l6i2n-0j4o-3m7j-ko21-7l8n0m3j6k1l",2025-10-20 13:28:40.345,2025-10-20 13:28:40.345
bd5b2c9f-271a-459e-8fb7-d522b958e475,1,"89931a84-6803-49d8-9aec-e90f6aee0d36",eb71e20c-66f1-4dab-9285-567fcec43a9c,2025-10-20 13:28:40.345,2025-10-20 13:28:40.345
"32b2c1ec-45af-4d71-9629-51928aeac76f",1,"735c3535-efa5-4d29-803d-66a783eeee81","5i2m7j3o-1k5p-4n8k-lp32-8m9o1n4k7l2m",2025-10-20 13:35:55.678,2025-10-20 13:35:55.678
"4320c852-bf4e-4940-acc4-f8c7ef7a164c",1,"735c3535-efa5-4d29-803d-66a783eeee81","785381ad-c383-4f9b-9ff1-d62e471a6b0f",2025-10-20 13:35:55.678,2025-10-20 13:35:55.678
"35c617a0-ae6b-485a-bc14-de0e658a4439",1,"1db79c9a-ef63-4e24-a273-3f6336d2b74c","81daaca8-44ce-4534-8776-577370cb8ac6",2025-10-20 13:42:15.901,2025-10-20 13:42:15.901
e8fb65b5-9f72-4365-a67d-382bfbf07dfa,1,"1db79c9a-ef63-4e24-a273-3f6336d2b74c","8dd4f72d-1ac8-423b-8228-d1bc812c5ce4",2025-10-20 13:42:15.901,2025-10-20 13:42:15.901
abe3b035-cd80-4d5c-b596-97715f18c641,1,"6def25c7-7c50-4fbe-a248-4147276484d1","827fc92f-6a3b-4f2f-803a-6755afdf9005",2025-10-20 13:48:30.234,2025-10-20 13:48:30.234
"431e2190-f635-4a4a-ab83-0cc7e13d5f21",1,"6def25c7-7c50-4fbe-a248-4147276484d1","81a54ba6-0a81-403b-bde7-21f444d3593b",2025-10-20 13:48:30.234,2025-10-20 13:48:30.234
"1aaef717-d41a-4a7e-9db8-1fe379b27803",1,c2fbbe06-0488-4f71-8db3-b99db9dc7f22,"21df60fb-7c82-499e-b472-be9ab0d5e903",2025-10-20 13:55:45.567,2025-10-20 13:55:45.567
"18849c33-4bb9-4239-a7b4-35e2043b450e",1,c2fbbe06-0488-4f71-8db3-b99db9dc7f22,"0587a6a6-bcf1-441e-b359-a5b0e8abebbe",2025-10-20 13:55:45.567,2025-10-20 13:55:45.567
d40ab5f9-4885-45cd-98db-f10dbf686ef0,1,"8b15a701-3642-4529-b53e-3f64084635e4","74353e9b-99fc-44bc-80cf-24b2b88bc68e",2025-10-20 14:05:15.123,2025-10-20 14:05:15.123
c83771ed-f8c7-464a-bd91-35756f32fd57,1,"8b15a701-3642-4529-b53e-3f64084635e4","9db51f4f-d60e-49fb-8421-5c98eb054b39",2025-10-20 14:05:15.123,2025-10-20 14:05:15.123
"0dd7362e-94f2-4ba0-9dd2-1e2b26a3cead",1,fdf20aa8-f75d-4618-87a8-ac4ddb0da0ae,"364b658c-800f-444f-abc9-e3f60b4115a0",2025-10-20 14:12:22.456,2025-10-20 14:12:22.456
"01c98461-eb23-4afc-a606-8d94cf02db36",1,fdf20aa8-f75d-4618-87a8-ac4ddb0da0ae,"6d8aa000-804d-472b-b867-3071f22b7364",2025-10-20 14:12:22.456,2025-10-20 14:12:22.456
"6b40a7f0-af5a-4f09-af27-13482d2a281e",1,"24216468-a617-4982-8df5-fb986e78c183",ed41ec9e-df07-4237-9193-d78d5f2845a1,2025-10-20 14:18:30.789,2025-10-20 14:18:30.789
"3e05fb3e-d645-4dee-80e4-26e378fc736f",1,"24216468-a617-4982-8df5-fb986e78c183",e488134d-a9b7-40ea-ac7a-0b8e26226fb8,2025-10-20 14:18:30.789,2025-10-20 14:18:30.789
d0a8d560-8091-4d98-bd10-2c3f7eb5dfb6,1,c850285f-cf14-451a-82f8-610e6a14403e,"0ae4d490-74d5-45c2-9667-097c4a777fdd",2025-10-20 14:25:45.012,2025-10-20 14:25:45.012
"37b25085-abae-43a9-8d35-a9e246897866",1,c850285f-cf14-451a-82f8-610e6a14403e,b1619291-9f3b-461a-8d20-c964e58d3ee2,2025-10-20 14:25:45.012,2025-10-20 14:25:45.012
"3b4ef60f-a9d6-45aa-af1b-746df8fba470",1,"6a3f7bf9-3bfb-4a44-ab37-b8083d10531f","6bb88569-dd14-41e5-b3c9-9322e9125446",2025-10-20 14:32:10.345,2025-10-20 14:32:10.345
ad4b55fd-9eff-4e5c-adc9-86eb92702a70,1,"6a3f7bf9-3bfb-4a44-ab37-b8083d10531f","214a0fa7-0a91-4eb6-bcf9-101e1183f1ef",2025-10-20 14:32:10.345,2025-10-20 14:32:10.345
"6ec9447d-09e8-4e54-a530-6df4307036fb",1,"58d29ed7-26a8-4717-9533-13e36d8095f4","7f4e3124-fb0b-490c-ac7d-370088de65bb",2025-10-20 14:38:25.678,2025-10-20 14:38:25.678
"3624a06b-89bc-47bd-8d5d-3cb6a487af2d",1,"58d29ed7-26a8-4717-9533-13e36d8095f4","8aeb5b66-9740-441f-8e42-740ecd922995",2025-10-20 14:38:25.678,2025-10-20 14:38:25.678
"0aa43a43-4b71-4038-9f57-f6cc9f3c1d78",1,"87bee23c-ed9d-4c2c-b06d-2294a86b545b",a548b045-dd94-4f99-8e26-16603ed0b1c5,2025-10-20 14:45:40.901,2025-10-20 14:45:40.901
a753a80d-500f-4654-80e2-dd21c2165370,1,"87bee23c-ed9d-4c2c-b06d-2294a86b545b",eb71e20c-66f1-4dab-9285-567fcec43a9c,2025-10-20 14:45:40.901,2025-10-20 14:45:40.901
"7adb260c-2ed4-4234-81ce-63049a8e14a6",1,"78f2487d-b4a0-4d82-a2c5-ec20ffabe41e",f0c0b4b3-98a5-4e5a-ad45-26397850e624,2025-10-20 14:52:55.234,2025-10-20 14:52:55.234
f59e6616-e8b0-4a6f-9621-800e289ccc47,1,"78f2487d-b4a0-4d82-a2c5-ec20ffabe41e","8dd4f72d-1ac8-423b-8228-d1bc812c5ce4",2025-10-20 14:52:55.234,2025-10-20 14:52:55.234
"4e2592ba-9002-4f5e-84c5-d3864fa3c24a",1,ee23d0ea-7661-4233-8552-78eabaccdc4e,"658c26b1-bcb5-4b3e-859e-73b3f3fe2cac",2025-10-20 14:58:15.567,2025-10-20 14:58:15.567
a86f0b03-7aec-46c2-a1f6-52a3552ab38a,1,ee23d0ea-7661-4233-8552-78eabaccdc4e,"81a54ba6-0a81-403b-bde7-21f444d3593b",2025-10-20 14:58:15.567,2025-10-20 14:58:15.567
e5c12668-e209-4a44-bf4e-1e76f5a15b2b,1,"89a1ba1c-1f80-4064-8450-4e42b4fbab9e","81a01734-8575-4df7-9cfa-4c98a0f81be1",2025-10-20 15:05:30.890,2025-10-20 15:05:30.890
"3ed77319-41b3-4ab2-a56a-26bc512bb712",1,"89a1ba1c-1f80-4064-8450-4e42b4fbab9e","3ec2c669-e792-4476-ab56-c60579bcac64",2025-10-20 15:05:30.890,2025-10-20 15:05:30.890
"47fe2913-31ed-4ed9-9305-5ae9e7085e2b",1,"3f436c90-5369-4f92-b50f-1d443e0fc9be",b83c4569-2d66-4a75-b567-d56157d20143,2025-10-20 15:32:15.123,2025-10-20 15:32:15.123
"999d7e46-dfa0-4e39-b1e4-9d64bcf2ebeb",1,"3f436c90-5369-4f92-b50f-1d443e0fc9be","9db51f4f-d60e-49fb-8421-5c98eb054b39",2025-10-20 15:32:15.123,2025-10-20 15:32:15.123
"696d014c-6001-47a4-9d65-f6f466bac140",1,"31d27555-7f20-4491-98ab-a38b30a81ec2",d9c63121-bb9f-4f65-8c57-9e05ee2637ee,2025-10-20 15:35:22.456,2025-10-20 15:35:22.456
e5df4b5b-0c9b-437f-9247-e90f59ce5a85,1,"31d27555-7f20-4491-98ab-a38b30a81ec2","6d8aa000-804d-472b-b867-3071f22b7364",2025-10-20 15:35:22.456,2025-10-20 15:35:22.456
"76857118-2a1f-4d70-8ce6-bfbc22506b8b",1,"8d26b4cf-c853-4468-907f-f870cbb361be","9bac741b-b610-4b0b-9d71-e978dcdb8544",2025-10-20 15:40:30.789,2025-10-20 15:40:30.789
"9ba7a0a3-938d-4285-8209-2fbe70016a07",1,"8d26b4cf-c853-4468-907f-f870cbb361be",e488134d-a9b7-40ea-ac7a-0b8e26226fb8,2025-10-20 15:40:30.789,2025-10-20 15:40:30.789
"9a1bed40-6e5b-4470-80bf-fe4a55040c98",1,"84f43b08-d539-4dcb-b39c-7429a3de8cf8","20eb4499-49b7-49eb-8c29-07a5d7a59aa4",2025-10-20 15:45:45.012,2025-10-20 15:45:45.012
"9bb0a17a-06a3-483f-8cfd-ecfd83b8c396",1,"84f43b08-d539-4dcb-b39c-7429a3de8cf8",b1619291-9f3b-461a-8d20-c964e58d3ee2,2025-10-20 15:45:45.012,2025-10-20 15:45:45.012
b8cc7681-fd55-4433-b0c1-74bfc8c5be4b,1,"67a287fb-1593-4e85-bb5b-e426373f4ddb",a79e449b-52b6-4024-9032-cb9d76cc9666,2025-10-20 15:52:10.345,2025-10-20 15:52:10.345
"88f01b71-1869-4023-9db8-edc08e1ac453",1,"67a287fb-1593-4e85-bb5b-e426373f4ddb","214a0fa7-0a91-4eb6-bcf9-101e1183f1ef",2025-10-20 15:52:10.345,2025-10-20 15:52:10.345
"39dbc764-998f-4b0d-95c8-4efef0f6a65e",1,"2d88d7c3-6bef-4fe1-8632-1219e2843617","56222784-51e6-4219-8c45-c55abcdd65f4",2025-10-20 15:58:25.678,2025-10-20 15:58:25.678
cf808830-400f-4204-985d-bf7b67660ff2,1,"2d88d7c3-6bef-4fe1-8632-1219e2843617","8aeb5b66-9740-441f-8e42-740ecd922995",2025-10-20 15:58:25.678,2025-10-20 15:58:25.678
"152a70d6-6789-47a4-8a12-467a650849c3",1,f58a2f17-1170-4b00-95e8-a0849c7dfd3a,"81a01734-8575-4df7-9cfa-4c98a0f81be1",2025-10-20 16:05:40.901,2025-10-20 16:05:40.901
"798ca081-078c-4837-9d0f-07bebc13ac14",1,f58a2f17-1170-4b00-95e8-a0849c7dfd3a,eb71e20c-66f1-4dab-9285-567fcec43a9c,2025-10-20 16:05:40.901,2025-10-20 16:05:40.901
"77124cd3-3c9b-4ec1-80db-5c8c31964d46",1,b7f39c98-9f66-437a-90bb-4f1f3be77421,f0c0b4b3-98a5-4e5a-ad45-26397850e624,2025-10-20 16:12:55.234,2025-10-20 16:12:55.234
"9ed654f4-593e-4fd0-80c4-2c0165a6030b",1,b7f39c98-9f66-437a-90bb-4f1f3be77421,"8dd4f72d-1ac8-423b-8228-d1bc812c5ce4",2025-10-20 16:12:55.234,2025-10-20 16:12:55.234
"943cbd79-97a1-4110-afc0-c570acd6e454",1,"98290be2-dc59-4d4c-9c16-a104b6ab945f","364b658c-800f-444f-abc9-e3f60b4115a0",2025-10-20 16:20:15.567,2025-10-20 16:20:15.567
"428a96b6-22c8-4a1f-a04a-b194c6e0ddba",1,"98290be2-dc59-4d4c-9c16-a104b6ab945f","785381ad-c383-4f9b-9ff1-d62e471a6b0f",2025-10-20 16:20:15.567,2025-10-20 16:20:15.567
cc24efa7-62e3-44bb-ab82-00e5e8447bfe,1,"1faaf7c1-76ad-40ec-b27e-f44a262d12b2","0ae4d490-74d5-45c2-9667-097c4a777fdd",2025-10-20 16:28:30.890,2025-10-20 16:28:30.890
"6f4f29ff-ba77-4ef4-b6d8-bce9b0e75b90",1,"1faaf7c1-76ad-40ec-b27e-f44a262d12b2","3ec2c669-e792-4476-ab56-c60579bcac64",2025-10-20 16:28:30.890,2025-10-20 16:28:30.890
cf7775dd-a94b-44b8-9557-3e918256bb86,1,dd3923e0-8825-4834-b85f-7695f2aad923,ed41ec9e-df07-4237-9193-d78d5f2845a1,2025-10-20 16:35:45.123,2025-10-20 16:35:45.123
"4cf89a46-a4d6-453d-8a8a-44010f66eb26",1,dd3923e0-8825-4834-b85f-7695f2aad923,"81a54ba6-0a81-403b-bde7-21f444d3593b",2025-10-20 16:35:45.123,2025-10-20 16:35:45.123
"5459ec2c-ebb7-4794-96a9-17cc1d38186c",1,e546456d-1888-4a26-ab9c-63b8d64c2d4b,"74353e9b-99fc-44bc-80cf-24b2b88bc68e",2025-10-20 16:45:20.456,2025-10-20 16:45:20.456
"290e06f9-9d0f-4f59-9b42-ba7c5b55de88",1,e546456d-1888-4a26-ab9c-63b8d64c2d4b,"0587a6a6-bcf1-441e-b359-a5b0e8abebbe",2025-10-20 16:45:20.456,2025-10-20 16:45:20.456
f26fb403-f9be-4e55-914e-50be8076cb28,1,b3967fe0-c9a3-4c38-9276-94faee38293d,"81a01734-8575-4df7-9cfa-4c98a0f81be1",2025-10-21 08:05:15.123,2025-10-21 08:05:15.123
"288f65f7-fedb-4840-bd2e-e199417c3684",1,b3967fe0-c9a3-4c38-9276-94faee38293d,"6d8aa000-804d-472b-b867-3071f22b7364",2025-10-21 08:05:15.123,2025-10-21 08:05:15.123
"3f454254-cd5b-41ed-9820-6c67cf048dc3",1,fdc0e0e1-c2e5-4999-989e-63ded9df9f2c,d9c63121-bb9f-4f65-8c57-9e05ee2637ee,2025-10-21 08:12:22.456,2025-10-21 08:12:22.456
"087a79e3-d1cc-4442-805c-5870f895d80f",1,fdc0e0e1-c2e5-4999-989e-63ded9df9f2c,b1619291-9f3b-461a-8d20-c964e58d3ee2,2025-10-21 08:12:22.456,2025-10-21 08:12:22.456
fb50acf2-80f3-4d83-ab34-934d9f9dd04a,1,d4ec5cad-f6d9-4196-b3d3-93d63da9db87,"9bac741b-b610-4b0b-9d71-e978dcdb8544",2025-10-21 08:18:30.789,2025-10-21 08:18:30.789
"3ffec1d7-3213-46f2-baea-a824aaf10899",1,d4ec5cad-f6d9-4196-b3d3-93d63da9db87,"9db51f4f-d60e-49fb-8421-5c98eb054b39",2025-10-21 08:18:30.789,2025-10-21 08:18:30.789
b7917e1c-4685-4146-a771-c847aa5bd105,1,"4092b3a6-771e-48d6-a8e7-34dfb564efad",b83c4569-2d66-4a75-b567-d56157d20143,2025-10-21 08:25:45.012,2025-10-21 08:25:45.012
"09908021-a8ef-4140-85ef-43dd7c9ecd5a",1,"4092b3a6-771e-48d6-a8e7-34dfb564efad","6d8aa000-804d-472b-b867-3071f22b7364",2025-10-21 08:25:45.012,2025-10-21 08:25:45.012
e24f47f0-f9ac-48bf-aaa8-212846b6094f,1,d520de3c-5456-4da0-8bce-842e5e905d13,"20eb4499-49b7-49eb-8c29-07a5d7a59aa4",2025-10-21 08:32:10.345,2025-10-21 08:32:10.345
f832f50b-960d-438c-8548-ffa85acc7f6f,1,d520de3c-5456-4da0-8bce-842e5e905d13,"214a0fa7-0a91-4eb6-bcf9-101e1183f1ef",2025-10-21 08:32:10.345,2025-10-21 08:32:10.345
"59513ba1-fb97-482e-9d48-4997034da6e1",1,"79ed9f7d-775f-4312-aa98-69f48f9b757e",a79e449b-52b6-4024-9032-cb9d76cc9666,2025-10-21 08:40:25.678,2025-10-21 08:40:25.678
"4fbb68a4-3ae0-43aa-a8b2-6fadff8abb71",1,"79ed9f7d-775f-4312-aa98-69f48f9b757e",e488134d-a9b7-40ea-ac7a-0b8e26226fb8,2025-10-21 08:40:25.678,2025-10-21 08:40:25.678
"02b44a55-378d-45ce-a31d-0c775c6e487f",1,"5ac84a1c-56de-484c-b761-3aa0da105951",f0c0b4b3-98a5-4e5a-ad45-26397850e624,2025-10-21 08:48:40.901,2025-10-21 08:48:40.901
ad237a58-54bc-4f80-8cad-325f9c822b38,1,"5ac84a1c-56de-484c-b761-3aa0da105951","8dd4f72d-1ac8-423b-8228-d1bc812c5ce4",2025-10-21 08:48:40.901,2025-10-21 08:48:40.901
"45af866e-0b81-4d0e-9d3d-8dbe5724103e",1,"0e0553d5-53cb-4e27-971e-d03267abdd08","364b658c-800f-444f-abc9-e3f60b4115a0",2025-10-21 08:55:55.234,2025-10-21 08:55:55.234
"922672ad-1dde-497d-b451-587c4a137c90",1,"0e0553d5-53cb-4e27-971e-d03267abdd08",eb71e20c-66f1-4dab-9285-567fcec43a9c,2025-10-21 08:55:55.234,2025-10-21 08:55:55.234
"7c3ee8b1-6773-44d7-9d0d-7b2986bd9487",1,a008b3d7-015d-4084-a75e-11e7e0422158,"56222784-51e6-4219-8c45-c55abcdd65f4",2025-10-21 09:05:15.567,2025-10-21 09:05:15.567
ec0a6100-41a7-447d-8d68-f31b07bb089c,1,a008b3d7-015d-4084-a75e-11e7e0422158,"3ec2c669-e792-4476-ab56-c60579bcac64",2025-10-21 09:05:15.567,2025-10-21 09:05:15.567
f97766d7-e15b-4abf-b3ff-8f36e7c0f540,1,"507388bb-cbb7-4b63-b32a-e20e7fe2de81","0ae4d490-74d5-45c2-9667-097c4a777fdd",2025-10-21 09:15:30.890,2025-10-21 09:15:30.890
"8332960d-7e1f-4fb2-bd38-13aac5d23fb8",1,"507388bb-cbb7-4b63-b32a-e20e7fe2de81","9db51f4f-d60e-49fb-8421-5c98eb054b39",2025-10-21 09:15:30.890,2025-10-21 09:15:30.890
d751b64f-8e28-4f62-8cd0-2234216715af,1,b4edd9b6-8985-4e91-9b0b-8647d744cc09,ed41ec9e-df07-4237-9193-d78d5f2845a1,2025-10-21 09:25:45.123,2025-10-21 09:25:45.123
a84471e8-f385-42b9-a431-e407f4381e2c,1,b4edd9b6-8985-4e91-9b0b-8647d744cc09,"6d8aa000-804d-472b-b867-3071f22b7364",2025-10-21 09:25:45.123,2025-10-21 09:25:45.123
"3da62b86-21ca-4746-bb8a-d5403995192f",1,"01fb5bc4-08a4-4a84-8951-b5b41a5277c5","6bb88569-dd14-41e5-b3c9-9322e9125446",2025-10-21 09:38:20.456,2025-10-21 09:38:20.456
"19a412ac-f001-4414-9002-72b8197958a9",1,"01fb5bc4-08a4-4a84-8951-b5b41a5277c5",b1619291-9f3b-461a-8d20-c964e58d3ee2,2025-10-21 09:38:20.456,2025-10-21 09:38:20.456
"3f9a75c7-f1e0-4fa4-9f88-713c93b5de6d",1,c88e8f62-18a2-46b2-ada9-e00b4b55c1b2,"7f4e3124-fb0b-490c-ac7d-370088de65bb",2025-10-21 09:45:35.789,2025-10-21 09:45:35.789
ed4f8b25-1d63-4def-937d-4044c4e16395,1,c88e8f62-18a2-46b2-ada9-e00b4b55c1b2,"8aeb5b66-9740-441f-8e42-740ecd922995",2025-10-21 09:45:35.789,2025-10-21 09:45:35.789
"8e542ce4-4e27-45b1-afca-40b8e5c410b4",1,"3ac45c7b-e2bf-4459-a395-ab4f898848cf",a548b045-dd94-4f99-8e26-16603ed0b1c5,2025-10-21 09:52:50.012,2025-10-21 09:52:50.012
"7162f639-500e-4574-a11e-aba4008818c3",1,"3ac45c7b-e2bf-4459-a395-ab4f898848cf",e488134d-a9b7-40ea-ac7a-0b8e26226fb8,2025-10-21 09:52:50.012,2025-10-21 09:52:50.012
e9a103d6-e422-4a1e-afc6-7afcd2932ec0,1,c4282caa-0450-41ff-aec3-8d2524462e59,"74353e9b-99fc-44bc-80cf-24b2b88bc68e",2025-10-21 10:08:15.123,2025-10-21 10:08:15.123
"4c3fc751-061f-409b-97bb-f846ce1032f6",1,c4282caa-0450-41ff-aec3-8d2524462e59,"9db51f4f-d60e-49fb-8421-5c98eb054b39",2025-10-21 10:08:15.123,2025-10-21 10:08:15.123
"8c8c7839-dfe4-4351-bf68-159416be808d",1,"78200a8a-f7dd-4ee1-9b4b-e2c8db3d2541","658c26b1-bcb5-4b3e-859e-73b3f3fe2cac",2025-10-21 10:15:22.456,2025-10-21 10:15:22.456
"415bacca-42c3-468f-b986-558ada1a491e",1,"78200a8a-f7dd-4ee1-9b4b-e2c8db3d2541","6d8aa000-804d-472b-b867-3071f22b7364",2025-10-21 10:15:22.456,2025-10-21 10:15:22.456
"1d617746-d2a8-46a6-87dd-e2d8c15b2bd6",1,"6167c694-266d-4fc3-b41e-bf5b19fca1fe","364b658c-800f-444f-abc9-e3f60b4115a0",2025-10-21 10:22:30.789,2025-10-21 10:22:30.789
e3534115-7d33-4712-8027-04cef8c96be4,1,"6167c694-266d-4fc3-b41e-bf5b19fca1fe",e488134d-a9b7-40ea-ac7a-0b8e26226fb8,2025-10-21 10:22:30.789,2025-10-21 10:22:30.789
cc2f1125-7524-4321-be65-79d9c68e09c8,1,"32f21866-2375-446d-a485-b1bf873314ba","81a01734-8575-4df7-9cfa-4c98a0f81be1",2025-10-21 10:30:45.012,2025-10-21 10:30:45.012
"99457654-ab39-4f04-b603-ac1e9ee12935",1,"32f21866-2375-446d-a485-b1bf873314ba",b1619291-9f3b-461a-8d20-c964e58d3ee2,2025-10-21 10:30:45.012,2025-10-21 10:30:45.012
"56f40296-137c-47ba-9ec2-122f8fd2b2fb",1,d026e257-3a78-43de-94d5-8abcb8757f14,d9c63121-bb9f-4f65-8c57-9e05ee2637ee,2025-10-21 10:38:10.345,2025-10-21 10:38:10.345
"6da27eac-0c60-4299-b501-8f989000dde1",1,d026e257-3a78-43de-94d5-8abcb8757f14,"214a0fa7-0a91-4eb6-bcf9-101e1183f1ef",2025-10-21 10:38:10.345,2025-10-21 10:38:10.345
"661f7526-a526-4e32-a732-b859c27ac734",1,cd1c918b-10a3-4656-8b4b-bc3afd83d0ce,"9bac741b-b610-4b0b-9d71-e978dcdb8544",2025-10-21 10:45:25.678,2025-10-21 10:45:25.678
"3876fdda-3f88-410f-a9d2-8a16c3ce343e",1,cd1c918b-10a3-4656-8b4b-bc3afd83d0ce,eb71e20c-66f1-4dab-9285-567fcec43a9c,2025-10-21 10:45:25.678,2025-10-21 10:45:25.678
e61792a1-4828-4159-9c26-54dc7da0819b,1,ca5e7381-c9c8-4113-9e9e-2a73c42e050c,b83c4569-2d66-4a75-b567-d56157d20143,2025-10-21 10:52:40.901,2025-10-21 10:52:40.901
"5e4cb109-ef92-47d9-a8d7-f076aad72c87",1,ca5e7381-c9c8-4113-9e9e-2a73c42e050c,"8dd4f72d-1ac8-423b-8228-d1bc812c5ce4",2025-10-21 10:52:40.901,2025-10-21 10:52:40.901
a22a2706-6398-4b1b-9057-0e5e8070bd0a,1,a5e4a5cf-1e54-4e58-b513-36bbe16202fd,"20eb4499-49b7-49eb-8c29-07a5d7a59aa4",2025-10-21 11:00:55.234,2025-10-21 11:00:55.234
"0a2a5063-9fc5-438f-a617-e7b4d1ad4c9c",1,a5e4a5cf-1e54-4e58-b513-36bbe16202fd,"3ec2c669-e792-4476-ab56-c60579bcac64",2025-10-21 11:00:55.234,2025-10-21 11:00:55.234
"1a7d15bc-b220-45ff-923b-e8b8d7f6f665",1,"06ef4b80-130f-4e18-b34e-34b7c6e1e59f",a79e449b-52b6-4024-9032-cb9d76cc9666,2025-10-21 11:08:15.567,2025-10-21 11:08:15.567
"986ce85f-756d-4f8a-94a1-539fca4da173",1,"06ef4b80-130f-4e18-b34e-34b7c6e1e59f","8aeb5b66-9740-441f-8e42-740ecd922995",2025-10-21 11:08:15.567,2025-10-21 11:08:15.567
"475ee746-85b7-4e93-a8ed-57251a0a27ad",1,"7557c61a-01f0-4785-af60-f716b1006655","56222784-51e6-4219-8c45-c55abcdd65f4",2025-10-21 11:15:30.890,2025-10-21 11:15:30.890
"47725f5e-248c-4a94-96e9-8ee97ad6f36d",1,"7557c61a-01f0-4785-af60-f716b1006655","81a54ba6-0a81-403b-bde7-21f444d3593b",2025-10-21 11:15:30.890,2025-10-21 11:15:30.890
"53342936-2039-4ba9-8e9b-68c889f06bb7",1,"6acb6cf3-41a5-4963-a014-5da3777d269f","0ae4d490-74d5-45c2-9667-097c4a777fdd",2025-10-21 11:22:45.123,2025-10-21 11:22:45.123
"49d23c38-2aa0-407b-bb56-1081d4596adb",1,"6acb6cf3-41a5-4963-a014-5da3777d269f","785381ad-c383-4f9b-9ff1-d62e471a6b0f",2025-10-21 11:22:45.123,2025-10-21 11:22:45.123
"66492881-1ce6-48e7-a1ac-a5fca113fa41",1,ad1c9492-e972-4a9d-8254-ee7459db142f,ed41ec9e-df07-4237-9193-d78d5f2845a1,2025-10-21 11:28:20.456,2025-10-21 11:28:20.456
"929a6927-e954-468d-adb5-8edcea79c16c",1,ad1c9492-e972-4a9d-8254-ee7459db142f,"0587a6a6-bcf1-441e-b359-a5b0e8abebbe",2025-10-21 11:28:20.456,2025-10-21 11:28:20.456
e00e470e-1684-4f98-abbb-1f622a9ff911,1,cdd7cdf5-5af4-4959-9a6f-921b37c46274,"355d2ad5-0846-4ec3-ab59-ecf09e0ab6fb",2025-10-21 11:52:15.123,2025-10-21 11:52:15.123
d10a37ea-bd2c-411e-9436-f87b9d47f386,1,cdd7cdf5-5af4-4959-9a6f-921b37c46274,"9db51f4f-d60e-49fb-8421-5c98eb054b39",2025-10-21 11:52:15.123,2025-10-21 11:52:15.123
c56fdd49-dd3e-4ac5-822a-f0a219593135,1,"49b374c3-87e1-487b-a1ac-2ee94a21552b",e3f616e6-0445-4f3a-b18a-e96f9a54dd9a,2025-10-21 12:00:22.456,2025-10-21 12:00:22.456
"8e2d5864-65d0-4aca-9ac8-9a7a2a93dd0e",1,"49b374c3-87e1-487b-a1ac-2ee94a21552b","6d8aa000-804d-472b-b867-3071f22b7364",2025-10-21 12:00:22.456,2025-10-21 12:00:22.456
b5e17b7f-12c3-4a7f-ab6c-782b2d83adb0,1,"14bae61b-b08a-4fd8-bd8b-4fca8f631a1d","91f1e336-bbfa-44f1-a0b1-fe45f8a0c64f",2025-10-21 12:08:30.789,2025-10-21 12:08:30.789
"972a6647-abc1-4b2e-a28e-16ee15954779",1,"14bae61b-b08a-4fd8-bd8b-4fca8f631a1d",e488134d-a9b7-40ea-ac7a-0b8e26226fb8,2025-10-21 12:08:30.789,2025-10-21 12:08:30.789
"8986e17f-7cee-435e-a4bf-6a905953584e",1,"64510b5a-07b5-4833-841a-852fb38a55a9",a736ac7d-3c3f-4365-bc10-920afc3266f4,2025-10-21 12:15:45.012,2025-10-21 12:15:45.012
"4a1c8d88-471b-4478-bcf2-c79ff15cde0a",1,"64510b5a-07b5-4833-841a-852fb38a55a9",b1619291-9f3b-461a-8d20-c964e58d3ee2,2025-10-21 12:15:45.012,2025-10-21 12:15:45.012
fdc5ab41-e04d-4b2f-b59f-2043fa566083,1,bd4442f9-a419-4625-988c-7352053ddc05,"482c7b3e-1a5f-4d8a-bf32-8c9e1d4a7b2c",2025-10-21 12:23:10.345,2025-10-21 12:23:10.345
f6c6d01f-d103-4745-918b-981b19a18417,1,bd4442f9-a419-4625-988c-7352053ddc05,"214a0fa7-0a91-4eb6-bcf9-101e1183f1ef",2025-10-21 12:23:10.345,2025-10-21 12:23:10.345
c7652100-51b7-41c4-96f7-42cd85597807,1,"29cf6e46-3394-4610-a37b-3d71542b1cc2","17f31273-e091-491d-ae2f-ea9324d15d62",2025-10-21 12:30:25.678,2025-10-21 12:30:25.678
"3f60d45c-36a0-4f03-a9f7-85534452ed9f",1,"29cf6e46-3394-4610-a37b-3d71542b1cc2","8aeb5b66-9740-441f-8e42-740ecd922995",2025-10-21 12:30:25.678,2025-10-21 12:30:25.678
"77887993-68b1-4be6-b884-b5e64d884531",1,cc61157e-2388-44d9-8715-cb563a4a90c9,"7a4e9b5g-3c7h-6f0c-dh54-0e1g3f6c9d4e",2025-10-21 12:38:40.901,2025-10-21 12:38:40.901
d1009fd5-1863-48f4-bbfc-b9f148267a3b,1,cc61157e-2388-44d9-8715-cb563a4a90c9,eb71e20c-66f1-4dab-9285-567fcec43a9c,2025-10-21 12:38:40.901,2025-10-21 12:38:40.901
"82df55cc-50df-40cd-a40f-4ac62ab25266",1,c974eedf-ab19-4b3f-9c8d-397510bcdea4,"30731ea5-8673-4aa3-ace1-3d6f7927896c",2025-10-21 12:45:55.234,2025-10-21 12:45:55.234
a5650904-f0e7-43ec-aa87-fb68d61c50dd,1,c974eedf-ab19-4b3f-9c8d-397510bcdea4,"8dd4f72d-1ac8-423b-8228-d1bc812c5ce4",2025-10-21 12:45:55.234,2025-10-21 12:45:55.234
"7725a168-96fc-4d27-bbac-9bb5f580d34c",1,"8955a0f2-fa6e-4b1b-8db3-45f3cfc0442a",daf29ce4-ade8-424d-998d-5850ec136c21,2025-10-21 12:53:15.567,2025-10-21 12:53:15.567
"4a84b616-95f7-4dec-9ff4-79e7ab292956",1,"8955a0f2-fa6e-4b1b-8db3-45f3cfc0442a","3ec2c669-e792-4476-ab56-c60579bcac64",2025-10-21 12:53:15.567,2025-10-21 12:53:15.567
"30f192f5-cd3b-4f93-873d-b593699e73b3",1,"1e35e928-e05d-4d63-9f66-abbc3a3216d1","0a96121e-e5a1-4f2c-87b6-ad270e66cf8a",2025-10-21 13:00:30.890,2025-10-21 13:00:30.890
bb10fa84-6636-42cb-aeda-6f41f01f87b0,1,"1e35e928-e05d-4d63-9f66-abbc3a3216d1","81a54ba6-0a81-403b-bde7-21f444d3593b",2025-10-21 13:00:30.890,2025-10-21 13:00:30.890
"0709c148-ba60-4283-9695-844460b7fab5",1,c30fe6fb-15a5-4945-b55b-b00df72867e4,fae558c2-129d-40b2-a104-5f6db5df912c,2025-10-21 13:08:45.123,2025-10-21 13:08:45.123
"3bc76bb6-8f5a-42ad-a17e-0c3819412515",1,c30fe6fb-15a5-4945-b55b-b00df72867e4,"785381ad-c383-4f9b-9ff1-d62e471a6b0f",2025-10-21 13:08:45.123,2025-10-21 13:08:45.123
"47b4b097-1499-4416-bcea-d7c0ca00cc4f",1,bf4816d4-b2fa-4c98-ab53-ede80260ab3e,e70064a8-9be6-441a-89e4-4b41536c37fe,2025-10-21 13:15:20.456,2025-10-21 13:15:20.456
"2f8831c8-37ae-4896-81bc-3b6152afc14a",1,bf4816d4-b2fa-4c98-ab53-ede80260ab3e,"0587a6a6-bcf1-441e-b359-a5b0e8abebbe",2025-10-21 13:15:20.456,2025-10-21 13:15:20.456
"927fb98e-fb41-4ce1-9dc1-c5d86e804b0a",1,"68403968-d996-4190-834b-d73b70695512","760d0eab-82c4-4656-8da4-72f64b2552d3",2025-10-21 13:22:35.789,2025-10-21 13:22:35.789
"390e9273-643c-46b0-897e-cf1d87762ba8",1,"68403968-d996-4190-834b-d73b70695512","9db51f4f-d60e-49fb-8421-5c98eb054b39",2025-10-21 13:22:35.789,2025-10-21 13:22:35.789
f0c1dc6b-aecf-4fbf-bd21-4e888c7049df,1,"2de582d0-6784-4abd-919c-04e5ef9fd8ac","8b5f0c6h-4d8i-7g1d-ei65-1f2h4g7d0e5f",2025-10-21 13:30:50.012,2025-10-21 13:30:50.012
"3704116e-f18c-44b4-8345-b5f536012756",1,"2de582d0-6784-4abd-919c-04e5ef9fd8ac","6d8aa000-804d-472b-b867-3071f22b7364",2025-10-21 13:30:50.012,2025-10-21 13:30:50.012
ea155830-f024-4d4e-814b-6b855c3f6d14,1,d6818ba9-fcca-4834-acc2-8356b84e048d,"9c6g1d7i-5e9j-8h2e-fj76-2g3i5h8e1f6g",2025-10-21 13:38:10.345,2025-10-21 13:38:10.345
e0dd97bb-6e38-4be6-9d22-63e9313e3533,1,d6818ba9-fcca-4834-acc2-8356b84e048d,e488134d-a9b7-40ea-ac7a-0b8e26226fb8,2025-10-21 13:38:10.345,2025-10-21 13:38:10.345
"512f3b84-fb5e-4bbc-b78e-d9f26e643c8b",1,a2a58b4b-99ea-4633-826e-3d1d9335acf5,"1e8i3f9k-7g1l-0j4g-hl98-4i5k7j0g3h8i",2025-10-21 13:45:25.678,2025-10-21 13:45:25.678
bf20e610-3a86-44ab-83c3-dd057fee57b5,1,a2a58b4b-99ea-4633-826e-3d1d9335acf5,b1619291-9f3b-461a-8d20-c964e58d3ee2,2025-10-21 13:45:25.678,2025-10-21 13:45:25.678
c109d497-7541-45ae-91d2-af444293c745,1,f34f6040-d58f-4be9-826e-1293a663f916,"4h1l6i2n-0j4o-3m7j-ko21-7l8n0m3j6k1l",2025-10-21 13:52:40.901,2025-10-21 13:52:40.901
"68ff2431-77eb-4dcc-96b0-fb0a20201b4d",1,f34f6040-d58f-4be9-826e-1293a663f916,"214a0fa7-0a91-4eb6-bcf9-101e1183f1ef",2025-10-21 13:52:40.901,2025-10-21 13:52:40.901
"943a06e3-151d-4985-bdd2-062fa3b41532",1,"402c5775-4db1-4239-9032-4b668474db49","5i2m7j3o-1k5p-4n8k-lp32-8m9o1n4k7l2m",2025-10-21 14:00:55.234,2025-10-21 14:00:55.234
ede44720-8e4b-4119-b5da-f64650bfd697,1,"402c5775-4db1-4239-9032-4b668474db49","8aeb5b66-9740-441f-8e42-740ecd922995",2025-10-21 14:00:55.234,2025-10-21 14:00:55.234
"0e2fdc7e-884d-4c76-9e30-b34edb9619ce",1,ef22c2af-e213-47d6-afb4-37582e799df6,"81daaca8-44ce-4534-8776-577370cb8ac6",2025-10-21 14:08:15.567,2025-10-21 14:08:15.567
"5ae10373-41cb-4961-b8d5-f76c63444de8",1,ef22c2af-e213-47d6-afb4-37582e799df6,eb71e20c-66f1-4dab-9285-567fcec43a9c,2025-10-21 14:08:15.567,2025-10-21 14:08:15.567
"73fd7c92-ff41-4420-b55c-c309d593d0c1",1,"37faf35a-a203-415a-8987-7b6a084bf453","74353e9b-99fc-44bc-80cf-24b2b88bc68e",2025-10-21 14:15:30.890,2025-10-21 14:15:30.890
"27ed8db7-959f-40f6-9f85-4a88d3282808",1,"37faf35a-a203-415a-8987-7b6a084bf453","8dd4f72d-1ac8-423b-8228-d1bc812c5ce4",2025-10-21 14:15:30.890,2025-10-21 14:15:30.890
"08e2b92e-3866-4d0c-8a5b-265e0f529fd7",1,b41ef5bf-cb60-4818-a8fc-cb06bb8399ce,dbf40098-59e9-4338-81cd-72a23fdf1ebd,2025-10-21 14:32:15.123,2025-10-21 14:32:15.123
"2be64f66-b7c4-4b5e-9621-1e3e11c39bf7",1,b41ef5bf-cb60-4818-a8fc-cb06bb8399ce,"9db51f4f-d60e-49fb-8421-5c98eb054b39",2025-10-21 14:32:15.123,2025-10-21 14:32:15.123
db2daef0-14a9-4d33-a637-3d3ef7aee811,1,"9b16fcce-0ea0-4f3b-b5e7-73fb3f2a944e","693d8a4f-2b6g-5e9b-cg43-9d0f2e5b8c3d",2025-10-21 14:38:22.456,2025-10-21 14:38:22.456
"99754b57-b57f-4c5c-b435-fd9d254334a2",1,"9b16fcce-0ea0-4f3b-b5e7-73fb3f2a944e","6d8aa000-804d-472b-b867-3071f22b7364",2025-10-21 14:38:22.456,2025-10-21 14:38:22.456
f338d10a-2303-4342-b65d-96f5719fcbea,1,b2d3ad45-03e7-4df0-b8b2-009c4b0d5fb3,"2f9j4g0l-8h2m-1k5h-im09-5j6l8k1h4i9j",2025-10-21 14:45:30.789,2025-10-21 14:45:30.789
"143e0f72-7fe6-430d-bc1e-3c0d0c0f98c8",1,b2d3ad45-03e7-4df0-b8b2-009c4b0d5fb3,e488134d-a9b7-40ea-ac7a-0b8e26226fb8,2025-10-21 14:45:30.789,2025-10-21 14:45:30.789
"1d62f944-e77a-451c-af26-b85393103b33",1,"908c4095-5a52-4eb1-bb9b-ab963d418a63","3g0k5h1m-9i3n-2l6i-jn10-6k7m9l2i5j0k",2025-10-21 14:52:45.012,2025-10-21 14:52:45.012
"9952ae3f-c2cd-4917-aeeb-cf4e138834b1",1,"908c4095-5a52-4eb1-bb9b-ab963d418a63",b1619291-9f3b-461a-8d20-c964e58d3ee2,2025-10-21 14:52:45.012,2025-10-21 14:52:45.012
aa5d3fe0-0071-4c61-b350-0b367ad983a1,1,"5f98a020-f230-4676-ac96-97928eb770a1","6j3n8k4p-2l6q-5o9l-mq43-9n0p2o5l8m3n",2025-10-21 14:58:10.345,2025-10-21 14:58:10.345
b7b3ea0e-7504-4dac-9335-88336990cebb,1,"5f98a020-f230-4676-ac96-97928eb770a1","214a0fa7-0a91-4eb6-bcf9-101e1183f1ef",2025-10-21 14:58:10.345,2025-10-21 14:58:10.345
"2834d406-e005-4868-aea7-ca7bcfeda380",1,f9313642-3143-4c80-be62-92e5bb8c59da,"81a01734-8575-4df7-9cfa-4c98a0f81be1",2025-10-21 15:05:25.678,2025-10-21 15:05:25.678
b7fc0e93-1370-4732-9f24-4c532215c565,1,f9313642-3143-4c80-be62-92e5bb8c59da,"9db51f4f-d60e-49fb-8421-5c98eb054b39",2025-10-21 15:05:25.678,2025-10-21 15:05:25.678
f4ad72fa-098a-43e0-bbca-a7582e30c4df,1,"4dadd83a-f821-412a-b427-d7f17792fe5e",b83c4569-2d66-4a75-b567-d56157d20143,2025-10-21 15:15:40.901,2025-10-21 15:15:40.901
"942b5f7e-2745-4187-b376-fe14e55312c7",1,"4dadd83a-f821-412a-b427-d7f17792fe5e","6d8aa000-804d-472b-b867-3071f22b7364",2025-10-21 15:15:40.901,2025-10-21 15:15:40.901
e1269a1f-6140-496d-878a-0d102e9dd285,1,"442bc282-9aa9-415b-ae6f-65209fb2745a",d9c63121-bb9f-4f65-8c57-9e05ee2637ee,2025-10-21 15:22:55.234,2025-10-21 15:22:55.234
cae10f34-6be1-45b3-9c3f-1efc39aa4fb3,1,"442bc282-9aa9-415b-ae6f-65209fb2745a",e488134d-a9b7-40ea-ac7a-0b8e26226fb8,2025-10-21 15:22:55.234,2025-10-21 15:22:55.234
"1946433a-25c2-49df-aff5-c385867011e5",1,ded8bf1a-8e24-41b0-ad83-3d1c9d8486ff,"9bac741b-b610-4b0b-9d71-e978dcdb8544",2025-10-21 15:30:15.567,2025-10-21 15:30:15.567
"5ada4fa4-a88a-4302-a70c-c0b3d276f43b",1,ded8bf1a-8e24-41b0-ad83-3d1c9d8486ff,"8dd4f72d-1ac8-423b-8228-d1bc812c5ce4",2025-10-21 15:30:15.567,2025-10-21 15:30:15.567
"77b53976-4d9e-4cca-a338-7f9374bfc2ed",1,"8594c1a5-9b76-46e5-9bf3-da826d9c2295","20eb4499-49b7-49eb-8c29-07a5d7a59aa4",2025-10-21 15:38:30.890,2025-10-21 15:38:30.890
ff13206e-e705-4359-b804-e1cb29005ab7,1,"8594c1a5-9b76-46e5-9bf3-da826d9c2295","3ec2c669-e792-4476-ab56-c60579bcac64",2025-10-21 15:38:30.890,2025-10-21 15:38:30.890
"12e2f4d9-ad5c-44ce-9eb7-629f7b206d1c",1,"7eea9ba5-3bb1-49e6-9598-b5dfdd692d90",f0c0b4b3-98a5-4e5a-ad45-26397850e624,2025-10-21 15:45:45.123,2025-10-21 15:45:45.123
"40f45b7a-3e06-4daf-aad4-2d5fc467b3b5",1,"7eea9ba5-3bb1-49e6-9598-b5dfdd692d90","8aeb5b66-9740-441f-8e42-740ecd922995",2025-10-21 15:45:45.123,2025-10-21 15:45:45.123
"4eb44003-388b-40ee-96bf-75447cebfa34",1,dd99674c-b035-452b-9da1-d5cd665bb7c5,"658c26b1-bcb5-4b3e-859e-73b3f3fe2cac",2025-10-21 15:52:20.456,2025-10-21 15:52:20.456
e616212f-3bdd-410e-b9bc-7adf28ffd9f7,1,dd99674c-b035-452b-9da1-d5cd665bb7c5,eb71e20c-66f1-4dab-9285-567fcec43a9c,2025-10-21 15:52:20.456,2025-10-21 15:52:20.456
f642d7c5-5866-42b9-a5b0-89822aa60d90,1,"5b41b3e7-cbd5-4208-abff-74c45250cb83",a79e449b-52b6-4024-9032-cb9d76cc9666,2025-10-21 16:00:35.789,2025-10-21 16:00:35.789
"19a9e4ba-95f1-4b56-9b93-f0ac1a1926c6",1,"5b41b3e7-cbd5-4208-abff-74c45250cb83","785381ad-c383-4f9b-9ff1-d62e471a6b0f",2025-10-21 16:00:35.789,2025-10-21 16:00:35.789
b90ef0b5-1be2-403f-9e9d-6bc601ab154a,1,"726beeee-bd77-4909-85cc-65ae7ee74910","364b658c-800f-444f-abc9-e3f60b4115a0",2025-10-21 16:08:50.012,2025-10-21 16:08:50.012
"2628642b-52b2-4dc8-af6b-e97bc45dbbcc",1,"726beeee-bd77-4909-85cc-65ae7ee74910","81a54ba6-0a81-403b-bde7-21f444d3593b",2025-10-21 16:08:50.012,2025-10-21 16:08:50.012
"0b8827da-35e8-4195-8d9f-93b1cebcd35d",1,b8591725-b995-488a-ac80-e80a5ebec505,"56222784-51e6-4219-8c45-c55abcdd65f4",2025-10-21 16:15:10.345,2025-10-21 16:15:10.345
"5920b88e-a243-430a-87e9-7caa358511e4",1,b8591725-b995-488a-ac80-e80a5ebec505,"0587a6a6-bcf1-441e-b359-a5b0e8abebbe",2025-10-21 16:15:10.345,2025-10-21 16:15:10.345
"7862bf35-837d-47b0-ab74-d1911ad5d3e9",1,a787228f-f136-4355-95f0-a6f0de4c7c84,"0ae4d490-74d5-45c2-9667-097c4a777fdd",2025-10-21 16:22:25.678,2025-10-21 16:22:25.678
"0c282087-21ad-49a2-ac85-6be7bf204614",1,a787228f-f136-4355-95f0-a6f0de4c7c84,b1619291-9f3b-461a-8d20-c964e58d3ee2,2025-10-21 16:22:25.678,2025-10-21 16:22:25.678
"6f5359f1-aca5-4258-998b-72b710cbecfc",1,"3fc67fd7-1832-47c6-9a53-5e115ef2b8aa",ed41ec9e-df07-4237-9193-d78d5f2845a1,2025-10-21 16:30:40.901,2025-10-21 16:30:40.901
"189f7b0d-d0d4-490d-87f9-ba6e3d44deb8",1,"3fc67fd7-1832-47c6-9a53-5e115ef2b8aa","214a0fa7-0a91-4eb6-bcf9-101e1183f1ef",2025-10-21 16:30:40.901,2025-10-21 16:30:40.901
"57497c85-a973-43cb-a184-8b25fcfaaa8b",1,df0534b1-a5be-4398-82ba-2a5b743bac59,"74353e9b-99fc-44bc-80cf-24b2b88bc68e",2025-10-21 16:38:55.234,2025-10-21 16:38:55.234
b9fd6200-707a-4cd9-aea6-3cace8673d74,1,df0534b1-a5be-4398-82ba-2a5b743bac59,"6d8aa000-804d-472b-b867-3071f22b7364",2025-10-21 16:38:55.234,2025-10-21 16:38:55.234
d894a86b-88aa-4984-a732-00bd9a5779ef,1,"47060e08-a607-4ba8-813b-ee2acbae33f4","6bb88569-dd14-41e5-b3c9-9322e9125446",2025-10-21 16:45:15.567,2025-10-21 16:45:15.567
"26c1abaf-2abc-4ed9-b2e5-20dd2a7d5f2c",1,"47060e08-a607-4ba8-813b-ee2acbae33f4",e488134d-a9b7-40ea-ac7a-0b8e26226fb8,2025-10-21 16:45:15.567,2025-10-21 16:45:15.567
"7fb4bb6c-7f68-46e8-958a-b7245c41d610",1,bf43bc20-edd4-4aa7-b35a-f12880550db8,"7f4e3124-fb0b-490c-ac7d-370088de65bb",2025-10-21 16:52:30.890,2025-10-21 16:52:30.890
a426cbaa-5347-4446-b0ea-f8f7b03c9903,1,bf43bc20-edd4-4aa7-b35a-f12880550db8,eb71e20c-66f1-4dab-9285-567fcec43a9c,2025-10-21 16:52:30.890,2025-10-21 16:52:30.890
b86fe3dc-b764-4b9e-9f38-2a063c4e066a,1,a1b2c3d4-e5f6-7890-abcd-ef1234567900,"3g0k5h1m-9i3n-2l6i-jn10-6k7m9l2i5j0k",2025-10-22 13:25:00.000,2025-10-22 13:25:00.000
"151e411d-d814-44a1-8b52-342db6da50f1",1,a1b2c3d4-e5f6-7890-abcd-ef1234567900,"277699e6-5e58-41ab-8b55-6d006e64d44b",2025-10-22 13:25:00.000,2025-10-22 13:25:00.000
b72c67ed-a4bc-44a2-ab42-7a9c1dce7b7e,1,a1b2c3d4-e5f6-7890-abcd-ef1234567901,"4h1l6i2n-0j4o-3m7j-ko21-7l8n0m3j6k1l",2025-10-22 14:00:00.000,2025-10-22 14:00:00.000
ceb4e35a-7bbf-4519-8788-e76c77324079,1,a1b2c3d4-e5f6-7890-abcd-ef1234567901,e488134d-a9b7-40ea-ac7a-0b8e26226fb8,2025-10-22 14:00:00.000,2025-10-22 14:00:00.000
"0726c764-52b3-4a81-a757-5bf3d1764775",1,a1b2c3d4-e5f6-7890-abcd-ef1234567902,"5i2m7j3o-1k5p-4n8k-lp32-8m9o1n4k7l2m",2025-10-22 14:35:00.000,2025-10-22 14:35:00.000
"215b9d3c-fc6b-483f-ad1e-8eb6c651776e",1,a1b2c3d4-e5f6-7890-abcd-ef1234567902,eb71e20c-66f1-4dab-9285-567fcec43a9c,2025-10-22 14:35:00.000,2025-10-22 14:35:00.000
"3fcad272-33d1-4963-91c5-68bbd7ff0b52",1,a1b2c3d4-e5f6-7890-abcd-ef1234567903,"6j3n8k4p-2l6q-5o9l-mq43-9n0p2o5l8m3n",2025-10-22 15:00:00.000,2025-10-22 15:00:00.000
"6f8ee7c9-392b-4871-b6aa-f523fa3b4eef",1,a1b2c3d4-e5f6-7890-abcd-ef1234567903,"3ec2c669-e792-4476-ab56-c60579bcac64",2025-10-22 15:00:00.000,2025-10-22 15:00:00.000
a036fce4-6af6-498e-8f53-e43ebf5da367,1,a1b2c3d4-e5f6-7890-abcd-ef1234567904,e3f616e6-0445-4f3a-b18a-e96f9a54dd9a,2025-10-22 15:40:00.000,2025-10-22 15:40:00.000
"21ea7c4d-b407-4fda-8c03-83609dbdc86a",1,a1b2c3d4-e5f6-7890-abcd-ef1234567904,"8dd4f72d-1ac8-423b-8228-d1bc812c5ce4",2025-10-22 15:40:00.000,2025-10-22 15:40:00.000
c9736af8-e0f6-4106-98d1-4f0fe75d44e8,1,a1b2c3d4-e5f6-7890-abcd-ef1234567905,dbf40098-59e9-4338-81cd-72a23fdf1ebd,2025-10-22 16:10:00.000,2025-10-22 16:10:00.000
f125648a-1d45-4733-8780-017dbb7f9fe0,1,a1b2c3d4-e5f6-7890-abcd-ef1234567905,"9db51f4f-d60e-49fb-8421-5c98eb054b39",2025-10-22 16:10:00.000,2025-10-22 16:10:00.000
"2af37c24-a47c-4625-9051-619cc7574fd9",1,a1b2c3d4-e5f6-7890-abcd-ef1234567906,"91f1e336-bbfa-44f1-a0b1-fe45f8a0c64f",2025-10-22 16:45:00.000,2025-10-22 16:45:00.000
a0f301b5-a4a3-4598-8697-5cc05c58206f,1,a1b2c3d4-e5f6-7890-abcd-ef1234567906,"6d8aa000-804d-472b-b867-3071f22b7364",2025-10-22 16:45:00.000,2025-10-22 16:45:00.000
a1b2c3d4-e5f6-7890-abcd-ef1234567101,1,a1b2c3d4-e5f6-7890-abcd-ef1234567891,"355d2ad5-0846-4ec3-ab59-ecf09e0ab6fb",2025-10-22 08:00:00.000,2025-10-22 08:00:00.000
a1b2c3d4-e5f6-7890-abcd-ef1234567102,1,a1b2c3d4-e5f6-7890-abcd-ef1234567891,"9db51f4f-d60e-49fb-8421-5c98eb054b39",2025-10-22 08:00:00.000,2025-10-22 08:00:00.000
a1b2c3d4-e5f6-7890-abcd-ef1234567103,1,a1b2c3d4-e5f6-7890-abcd-ef1234567892,"482c7b3e-1a5f-4d8a-bf32-8c9e1d4a7b2c",2025-10-22 08:30:00.000,2025-10-22 08:30:00.000
a1b2c3d4-e5f6-7890-abcd-ef1234567104,1,a1b2c3d4-e5f6-7890-abcd-ef1234567892,"6d8aa000-804d-472b-b867-3071f22b7364",2025-10-22 08:30:00.000,2025-10-22 08:30:00.000
a1b2c3d4-e5f6-7890-abcd-ef1234567105,1,a1b2c3d4-e5f6-7890-abcd-ef1234567893,"693d8a4f-2b6g-5e9b-cg43-9d0f2e5b8c3d",2025-10-22 09:00:00.000,2025-10-22 09:00:00.000
a1b2c3d4-e5f6-7890-abcd-ef1234567106,1,a1b2c3d4-e5f6-7890-abcd-ef1234567893,"214a0fa7-0a91-4eb6-bcf9-101e1183f1ef",2025-10-22 09:00:00.000,2025-10-22 09:00:00.000
a1b2c3d4-e5f6-7890-abcd-ef1234567107,1,a1b2c3d4-e5f6-7890-abcd-ef1234567894,"7a4e9b5g-3c7h-6f0c-dh54-0e1g3f6c9d4e",2025-10-22 09:30:00.000,2025-10-22 09:30:00.000
a1b2c3d4-e5f6-7890-abcd-ef1234567108,1,a1b2c3d4-e5f6-7890-abcd-ef1234567894,b1619291-9f3b-461a-8d20-c964e58d3ee2,2025-10-22 09:30:00.000,2025-10-22 09:30:00.000
a1b2c3d4-e5f6-7890-abcd-ef1234567109,1,a1b2c3d4-e5f6-7890-abcd-ef1234567895,"8b5f0c6h-4d8i-7g1d-ei65-1f2h4g7d0e5f",2025-10-22 10:15:00.000,2025-10-22 10:15:00.000
a1b2c3d4-e5f6-7890-abcd-ef1234567110,1,a1b2c3d4-e5f6-7890-abcd-ef1234567895,"8aeb5b66-9740-441f-8e42-740ecd922995",2025-10-22 10:15:00.000,2025-10-22 10:15:00.000
a1b2c3d4-e5f6-7890-abcd-ef1234567111,1,a1b2c3d4-e5f6-7890-abcd-ef1234567896,"9c6g1d7i-5e9j-8h2e-fj76-2g3i5h8e1f6g",2025-10-22 10:50:00.000,2025-10-22 10:50:00.000
a1b2c3d4-e5f6-7890-abcd-ef1234567112,1,a1b2c3d4-e5f6-7890-abcd-ef1234567896,"785381ad-c383-4f9b-9ff1-d62e471a6b0f",2025-10-22 10:50:00.000,2025-10-22 10:50:00.000
a1b2c3d4-e5f6-7890-abcd-ef1234567113,1,a1b2c3d4-e5f6-7890-abcd-ef1234567897,"0d7h2e8j-6f0k-9i3f-gk87-3h4j6i9f2g7h",2025-10-22 11:45:00.000,2025-10-22 11:45:00.000
a1b2c3d4-e5f6-7890-abcd-ef1234567114,1,a1b2c3d4-e5f6-7890-abcd-ef1234567897,"7fdc228d-9040-4431-9e1b-c35b0eb68367",2025-10-22 11:45:00.000,2025-10-22 11:45:00.000
a1b2c3d4-e5f6-7890-abcd-ef1234567115,1,a1b2c3d4-e5f6-7890-abcd-ef1234567898,"1e8i3f9k-7g1l-0j4g-hl98-4i5k7j0g3h8i",2025-10-22 12:20:00.000,2025-10-22 12:20:00.000
a1b2c3d4-e5f6-7890-abcd-ef1234567116,1,a1b2c3d4-e5f6-7890-abcd-ef1234567898,"81a54ba6-0a81-403b-bde7-21f444d3593b",2025-10-22 12:20:00.000,2025-10-22 12:20:00.000
a1b2c3d4-e5f6-7890-abcd-ef1234567117,1,a1b2c3d4-e5f6-7890-abcd-ef1234567899,"2f9j4g0l-8h2m-1k5h-im09-5j6l8k1h4i9j",2025-10-22 12:50:00.000,2025-10-22 12:50:00.000
a1b2c3d4-e5f6-7890-abcd-ef1234567118,1,a1b2c3d4-e5f6-7890-abcd-ef1234567899,"0587a6a6-bcf1-441e-b359-a5b0e8abebbe",2025-10-22 12:50:00.000,2025-10-22 12:50:00.000
a1b2c3d4-e5f6-7890-abcd-ef1234567119,1,a1b2c3d4-e5f6-7890-abcd-ef1234567900,"3g0k5h1m-9i3n-2l6i-jn10-6k7m9l2i5j0k",2025-10-22 13:25:00.000,2025-10-22 13:25:00.000
a1b2c3d4-e5f6-7890-abcd-ef1234567120,1,a1b2c3d4-e5f6-7890-abcd-ef1234567900,"277699e6-5e58-41ab-8b55-6d006e64d44b",2025-10-22 13:25:00.000,2025-10-22 13:25:00.000
a1b2c3d4-e5f6-7890-abcd-ef1234567121,1,a1b2c3d4-e5f6-7890-abcd-ef1234567901,"4h1l6i2n-0j4o-3m7j-ko21-7l8n0m3j6k1l",2025-10-22 14:00:00.000,2025-10-22 14:00:00.000
a1b2c3d4-e5f6-7890-abcd-ef1234567122,1,a1b2c3d4-e5f6-7890-abcd-ef1234567901,e488134d-a9b7-40ea-ac7a-0b8e26226fb8,2025-10-22 14:00:00.000,2025-10-22 14:00:00.000
a1b2c3d4-e5f6-7890-abcd-ef1234567123,1,a1b2c3d4-e5f6-7890-abcd-ef1234567902,"5i2m7j3o-1k5p-4n8k-lp32-8m9o1n4k7l2m",2025-10-22 14:35:00.000,2025-10-22 14:35:00.000
a1b2c3d4-e5f6-7890-abcd-ef1234567124,1,a1b2c3d4-e5f6-7890-abcd-ef1234567902,eb71e20c-66f1-4dab-9285-567fcec43a9c,2025-10-22 14:35:00.000,2025-10-22 14:35:00.000
a1b2c3d4-e5f6-7890-abcd-ef1234567125,1,a1b2c3d4-e5f6-7890-abcd-ef1234567903,"6j3n8k4p-2l6q-5o9l-mq43-9n0p2o5l8m3n",2025-10-22 15:00:00.000,2025-10-22 15:00:00.000
a1b2c3d4-e5f6-7890-abcd-ef1234567126,1,a1b2c3d4-e5f6-7890-abcd-ef1234567903,"3ec2c669-e792-4476-ab56-c60579bcac64",2025-10-22 15:00:00.000,2025-10-22 15:00:00.000
a1b2c3d4-e5f6-7890-abcd-ef1234567127,1,a1b2c3d4-e5f6-7890-abcd-ef1234567904,e3f616e6-0445-4f3a-b18a-e96f9a54dd9a,2025-10-22 15:40:00.000,2025-10-22 15:40:00.000
a1b2c3d4-e5f6-7890-abcd-ef1234567128,1,a1b2c3d4-e5f6-7890-abcd-ef1234567904,"8dd4f72d-1ac8-423b-8228-d1bc812c5ce4",2025-10-22 15:40:00.000,2025-10-22 15:40:00.000
a1b2c3d4-e5f6-7890-abcd-ef1234567129,1,a1b2c3d4-e5f6-7890-abcd-ef1234567905,dbf40098-59e9-4338-81cd-72a23fdf1ebd,2025-10-22 16:10:00.000,2025-10-22 16:10:00.000
a1b2c3d4-e5f6-7890-abcd-ef1234567130,1,a1b2c3d4-e5f6-7890-abcd-ef1234567905,"9db51f4f-d60e-49fb-8421-5c98eb054b39",2025-10-22 16:10:00.000,2025-10-22 16:10:00.000
a1b2c3d4-e5f6-7890-abcd-ef1234567131,1,a1b2c3d4-e5f6-7890-abcd-ef1234567906,"91f1e336-bbfa-44f1-a0b1-fe45f8a0c64f",2025-10-22 16:45:00.000,2025-10-22 16:45:00.000
a1b2c3d4-e5f6-7890-abcd-ef1234567132,1,a1b2c3d4-e5f6-7890-abcd-ef1234567906,"6d8aa000-804d-472b-b867-3071f22b7364",2025-10-22 16:45:00.000,2025-10-22 16:45:00.000
